Path,SteerAngle,Throttle,Brake,Speed,X_Position,Y_Position,Pitch,Yaw,Roll
/Users/riki/workspace/udacity-robot/RoboND-Rover-Project/own_dataset/IMG/robocam_2017_05_26_23_59_42_693.jpg,0,0,1,0,99.66999,85.58897,0.0002357992,56.82556,-3.619445E-07
/Users/riki/workspace/udacity-robot/RoboND-Rover-Project/own_dataset/IMG/robocam_2017_05_26_23_59_42_744.jpg,0,0,0,0,99.66999,85.58897,0.0002358449,56.82556,-5.153635E-07
/Users/riki/workspace/udacity-robot/RoboND-Rover-Project/own_dataset/IMG/robocam_2017_05_26_23_59_42_810.jpg,0,0,0,0,99.66999,85.58897,0.0002358296,56.82556,-4.642238E-07
/Users/riki/workspace/udacity-robot/RoboND-Rover-Project/own_dataset/IMG/robocam_2017_05_26_23_59_42_878.jpg,0,0,0,0,99.66999,85.58897,0.0002358296,56.82556,-4.642238E-07
/Users/riki/workspace/udacity-robot/RoboND-Rover-Project/own_dataset/IMG/robocam_2017_05_26_23_59_42_944.jpg,0,0,0,0,99.66999,85.58897,0.0002358296,56.82556,-4.642238E-07
/Users/riki/workspace/udacity-robot/RoboND-Rover-Project/own_dataset/IMG/robocam_2017_05_26_23_59_43_011.jpg,0,0,0,0,99.66999,85.58897,0.0002358144,56.82556,-4.130841E-07
/Users/riki/workspace/udacity-robot/RoboND-Rover-Project/own_dataset/IMG/robocam_2017_05_26_23_59_43_079.jpg,0,0,0,0,99.66999,85.58897,0.0002358144,56.82556,-4.130841E-07
/Users/riki/workspace/udacity-robot/RoboND-Rover-Project/own_dataset/IMG/robocam_2017_05_26_23_59_43_129.jpg,0,0,0,0,99.66999,85.58897,0.0002358601,56.82556,-5.665031E-07
/Users/riki/workspace/udacity-robot/RoboND-Rover-Project/own_dataset/IMG/robocam_2017_05_26_23_59_43_196.jpg,0,0,0,0,99.66999,85.58897,0.0002358144,56.82556,-4.130841E-07
/Users/riki/workspace/udacity-robot/RoboND-Rover-Project/own_dataset/IMG/robocam_2017_05_26_23_59_43_262.jpg,0,0,0,0,99.66999,85.58897,0.0002359167,56.82556,-3.826192E-07
/Users/riki/workspace/udacity-robot/RoboND-Rover-Project/own_dataset/IMG/robocam_2017_05_26_23_59_43_327.jpg,0,0,0,0,99.66999,85.58897,0.0002359733,56.82556,-1.987288E-07
/Users/riki/workspace/udacity-robot/RoboND-Rover-Project/own_dataset/IMG/robocam_2017_05_26_23_59_43_395.jpg,0,0,0,0,99.66999,85.58897,0.0002361474,56.82556,-3.551311E-08
/Users/riki/workspace/udacity-robot/RoboND-Rover-Project/own_dataset/IMG/robocam_2017_05_26_23_59_43_461.jpg,0,0,0,0,99.66999,85.58897,0.0002361017,56.82556,1.179059E-07
/Users/riki/workspace/udacity-robot/RoboND-Rover-Project/own_dataset/IMG/robocam_2017_05_26_23_59_43_525.jpg,0,0,0,0,99.66999,85.58897,0.0002361474,56.82556,-3.551311E-08
/Users/riki/workspace/udacity-robot/RoboND-Rover-Project/own_dataset/IMG/robocam_2017_05_26_23_59_43_592.jpg,0,0,0,0,99.66999,85.58897,0.0002361169,56.82556,6.676621E-08
/Users/riki/workspace/udacity-robot/RoboND-Rover-Project/own_dataset/IMG/robocam_2017_05_26_23_59_43_658.jpg,0,0,0,0,99.66999,85.58897,0.0002361169,56.82556,6.676621E-08
/Users/riki/workspace/udacity-robot/RoboND-Rover-Project/own_dataset/IMG/robocam_2017_05_26_23_59_43_727.jpg,0,0,0,0,99.66999,85.58897,0.0002361626,56.82556,-8.665276E-08
/Users/riki/workspace/udacity-robot/RoboND-Rover-Project/own_dataset/IMG/robocam_2017_05_26_23_59_43_794.jpg,0,0,0,0,99.66999,85.58897,0.0002361017,56.82556,1.179059E-07
/Users/riki/workspace/udacity-robot/RoboND-Rover-Project/own_dataset/IMG/robocam_2017_05_26_23_59_43_851.jpg,0,0,0,0,99.66999,85.58897,0.0002361474,56.82556,-3.551311E-08
/Users/riki/workspace/udacity-robot/RoboND-Rover-Project/own_dataset/IMG/robocam_2017_05_26_23_59_43_909.jpg,0,0.1915469,0,0,99.67018,85.58928,0.007725158,56.8258,-4.204252E-07
/Users/riki/workspace/udacity-robot/RoboND-Rover-Project/own_dataset/IMG/robocam_2017_05_26_23_59_43_975.jpg,0,0.3889319,0,0.01503298,99.67137,85.59108,0.05393385,56.78698,1.203788E-05
/Users/riki/workspace/udacity-robot/RoboND-Rover-Project/own_dataset/IMG/robocam_2017_05_26_23_59_44_042.jpg,0,0.5968739,0,0.04019881,99.67398,85.59505,0.1525015,56.94482,-0.0003112182
/Users/riki/workspace/udacity-robot/RoboND-Rover-Project/own_dataset/IMG/robocam_2017_05_26_23_59_44_111.jpg,0,0.7888049,0,0.06650046,99.67934,85.60329,0.3430592,56.96836,-0.0002111527
/Users/riki/workspace/udacity-robot/RoboND-Rover-Project/own_dataset/IMG/robocam_2017_05_26_23_59_44_177.jpg,0,1,0,0.1152445,99.68576,85.61308,0.5474398,56.98426,-0.001121736
/Users/riki/workspace/udacity-robot/RoboND-Rover-Project/own_dataset/IMG/robocam_2017_05_26_23_59_44_246.jpg,0,1,0,0.1776662,99.69413,85.62594,0.7833905,57.08604,-0.0009295663
/Users/riki/workspace/udacity-robot/RoboND-Rover-Project/own_dataset/IMG/robocam_2017_05_26_23_59_44_293.jpg,0,1,0,0.2155582,99.70398,85.64111,1.026175,57.17187,-0.00121709
/Users/riki/workspace/udacity-robot/RoboND-Rover-Project/own_dataset/IMG/robocam_2017_05_26_23_59_44_364.jpg,0,1,0,0.2660082,99.71509,85.65833,1.249672,57.08675,-0.001004944
/Users/riki/workspace/udacity-robot/RoboND-Rover-Project/own_dataset/IMG/robocam_2017_05_26_23_59_44_429.jpg,0,1,0,0.3369376,99.73045,85.68195,1.28065,57.11032,-0.002489959
/Users/riki/workspace/udacity-robot/RoboND-Rover-Project/own_dataset/IMG/robocam_2017_05_26_23_59_44_494.jpg,0,1,0,0.3863918,99.74279,85.70071,1.14277,57.05274,0.001057396
/Users/riki/workspace/udacity-robot/RoboND-Rover-Project/own_dataset/IMG/robocam_2017_05_26_23_59_44_561.jpg,0,1,0,0.4583517,99.75718,85.72258,1.062721,56.99637,-0.0007608431
/Users/riki/workspace/udacity-robot/RoboND-Rover-Project/own_dataset/IMG/robocam_2017_05_26_23_59_44_630.jpg,0,1,0,0.5158847,99.77987,85.75731,1.06504,57.06018,-0.001392185
/Users/riki/workspace/udacity-robot/RoboND-Rover-Project/own_dataset/IMG/robocam_2017_05_26_23_59_44_696.jpg,0,1,0,0.5655327,99.79953,85.78743,1.135451,57.02216,-0.000143649
/Users/riki/workspace/udacity-robot/RoboND-Rover-Project/own_dataset/IMG/robocam_2017_05_26_23_59_44_758.jpg,0,1,0,0.6055155,99.82084,85.82003,1.220335,56.87269,-0.0007984328
/Users/riki/workspace/udacity-robot/RoboND-Rover-Project/own_dataset/IMG/robocam_2017_05_26_23_59_44_827.jpg,0,1,0,0.6713085,99.8432,85.85409,1.249352,56.96322,-0.001429023
/Users/riki/workspace/udacity-robot/RoboND-Rover-Project/own_dataset/IMG/robocam_2017_05_26_23_59_44_879.jpg,0,1,0,0.6905937,99.86682,85.89005,1.219067,56.95534,-0.0009380292
/Users/riki/workspace/udacity-robot/RoboND-Rover-Project/own_dataset/IMG/robocam_2017_05_26_23_59_44_944.jpg,0,1,0,0.774363,99.89192,85.9282,1.180544,56.86778,9.74576E-05
/Users/riki/workspace/udacity-robot/RoboND-Rover-Project/own_dataset/IMG/robocam_2017_05_26_23_59_45_011.jpg,0,1,0,0.8381615,99.92909,85.9846,1.210389,56.80247,-0.000296539
/Users/riki/workspace/udacity-robot/RoboND-Rover-Project/own_dataset/IMG/robocam_2017_05_26_23_59_45_076.jpg,0,1,0,0.8763162,99.95891,86.02979,1.229673,56.77481,-0.001050197
/Users/riki/workspace/udacity-robot/RoboND-Rover-Project/own_dataset/IMG/robocam_2017_05_26_23_59_45_142.jpg,0,1,0,0.9464654,99.99027,86.07727,1.235134,56.75874,-0.0007299058
/Users/riki/workspace/udacity-robot/RoboND-Rover-Project/own_dataset/IMG/robocam_2017_05_26_23_59_45_214.jpg,0,1,0,0.9953865,100.0344,86.14404,1.218764,56.75019,-0.0006511764
/Users/riki/workspace/udacity-robot/RoboND-Rover-Project/own_dataset/IMG/robocam_2017_05_26_23_59_45_278.jpg,0,1,0,1.037577,100.0692,86.19679,1.216046,56.76968,-0.000543576
/Users/riki/workspace/udacity-robot/RoboND-Rover-Project/own_dataset/IMG/robocam_2017_05_26_23_59_45_328.jpg,0,1,0,1.088299,100.0935,86.23351,1.225183,56.76509,-0.0009597009
/Users/riki/workspace/udacity-robot/RoboND-Rover-Project/own_dataset/IMG/robocam_2017_05_26_23_59_45_395.jpg,0,1,0,1.129114,100.1438,86.30965,1.224005,56.73584,-0.0004681615
/Users/riki/workspace/udacity-robot/RoboND-Rover-Project/own_dataset/IMG/robocam_2017_05_26_23_59_45_460.jpg,0,1,0,1.181414,100.1835,86.3696,1.226016,56.69074,-0.000651445
/Users/riki/workspace/udacity-robot/RoboND-Rover-Project/own_dataset/IMG/robocam_2017_05_26_23_59_45_525.jpg,0,1,0,1.245106,100.2247,86.43195,1.231769,56.65633,-0.0007376173
/Users/riki/workspace/udacity-robot/RoboND-Rover-Project/own_dataset/IMG/robocam_2017_05_26_23_59_45_591.jpg,0,1,0,1.289499,100.2822,86.51862,1.234442,56.62757,-0.0007606753
/Users/riki/workspace/udacity-robot/RoboND-Rover-Project/own_dataset/IMG/robocam_2017_05_26_23_59_45_644.jpg,0,1,0,1.337894,100.3121,86.56356,1.23712,56.61131,-0.0007548585
/Users/riki/workspace/udacity-robot/RoboND-Rover-Project/own_dataset/IMG/robocam_2017_05_26_23_59_45_711.jpg,0,1,0,1.38672,100.3739,86.65656,1.243913,56.58894,-0.0009336614
/Users/riki/workspace/udacity-robot/RoboND-Rover-Project/own_dataset/IMG/robocam_2017_05_26_23_59_45_778.jpg,0,1,0,1.432458,100.422,86.72899,1.245342,56.57402,-0.0009085229
/Users/riki/workspace/udacity-robot/RoboND-Rover-Project/own_dataset/IMG/robocam_2017_05_26_23_59_45_843.jpg,0,1,0,1.49561,100.4719,86.80386,1.252463,56.55869,-0.000926619
/Users/riki/workspace/udacity-robot/RoboND-Rover-Project/own_dataset/IMG/robocam_2017_05_26_23_59_45_912.jpg,0,1,0,1.542283,100.5407,86.90718,1.255557,56.54541,-0.0009738024
/Users/riki/workspace/udacity-robot/RoboND-Rover-Project/own_dataset/IMG/robocam_2017_05_26_23_59_45_979.jpg,0,1,0,1.589687,100.5942,86.98742,1.26071,56.53265,-0.0009724969
/Users/riki/workspace/udacity-robot/RoboND-Rover-Project/own_dataset/IMG/robocam_2017_05_26_23_59_46_042.jpg,0,1,0,1.651358,100.6492,87.06992,1.263709,56.52275,-0.0009995317
/Users/riki/workspace/udacity-robot/RoboND-Rover-Project/own_dataset/IMG/robocam_2017_05_26_23_59_46_112.jpg,0,1,0,1.696699,100.7249,87.18348,1.268255,56.50808,-0.001026567
/Users/riki/workspace/udacity-robot/RoboND-Rover-Project/own_dataset/IMG/robocam_2017_05_26_23_59_46_175.jpg,0,1,0,1.743382,100.7836,87.27135,1.274402,56.49686,-0.001049414
/Users/riki/workspace/udacity-robot/RoboND-Rover-Project/own_dataset/IMG/robocam_2017_05_26_23_59_46_230.jpg,0,1,0,1.789055,100.8438,87.36148,1.27925,56.48508,-0.001056034
/Users/riki/workspace/udacity-robot/RoboND-Rover-Project/own_dataset/IMG/robocam_2017_05_26_23_59_46_297.jpg,0,1,0,1.834005,100.9055,87.45385,1.282591,56.47359,-0.001064495
/Users/riki/workspace/udacity-robot/RoboND-Rover-Project/own_dataset/IMG/robocam_2017_05_26_23_59_46_361.jpg,0,1,0,1.879946,100.9687,87.54846,1.285669,56.46456,-0.001087795
/Users/riki/workspace/udacity-robot/RoboND-Rover-Project/own_dataset/IMG/robocam_2017_05_26_23_59_46_426.jpg,0,1,0,1.940409,101.0335,87.64536,1.290578,56.45119,-0.001102235
/Users/riki/workspace/udacity-robot/RoboND-Rover-Project/own_dataset/IMG/robocam_2017_05_26_23_59_46_494.jpg,0,1,0,1.98463,101.1222,87.77799,1.296182,56.43799,-0.001125828
/Users/riki/workspace/udacity-robot/RoboND-Rover-Project/own_dataset/IMG/robocam_2017_05_26_23_59_46_562.jpg,0,1,0,2.03036,101.1906,87.8801,1.301125,56.42512,-0.001153238
/Users/riki/workspace/udacity-robot/RoboND-Rover-Project/own_dataset/IMG/robocam_2017_05_26_23_59_46_611.jpg,0,1,0,2.074285,101.2604,87.98437,1.303149,56.41417,-0.0011538
/Users/riki/workspace/udacity-robot/RoboND-Rover-Project/own_dataset/IMG/robocam_2017_05_26_23_59_46_677.jpg,0,1,0,2.11942,101.3317,88.09084,1.305542,56.4034,-0.001175258
/Users/riki/workspace/udacity-robot/RoboND-Rover-Project/own_dataset/IMG/robocam_2017_05_26_23_59_46_745.jpg,0,1,0,2.17857,101.4046,88.19957,1.31183,56.39157,-0.001209234
/Users/riki/workspace/udacity-robot/RoboND-Rover-Project/own_dataset/IMG/robocam_2017_05_26_23_59_46_810.jpg,0,1,0,2.222853,101.504,88.34785,1.314825,56.37659,-0.001220417
/Users/riki/workspace/udacity-robot/RoboND-Rover-Project/own_dataset/IMG/robocam_2017_05_26_23_59_46_876.jpg,0,1,0,2.266701,101.5803,88.46159,1.315989,56.3658,-0.00122765
/Users/riki/workspace/udacity-robot/RoboND-Rover-Project/own_dataset/IMG/robocam_2017_05_26_23_59_46_926.jpg,0,1,0,2.310691,101.6321,88.53864,1.31783,56.35755,-0.001234883
/Users/riki/workspace/udacity-robot/RoboND-Rover-Project/own_dataset/IMG/robocam_2017_05_26_23_59_46_993.jpg,0,1,0,2.354243,101.7375,88.69569,1.326847,56.34239,-0.001283566
/Users/riki/workspace/udacity-robot/RoboND-Rover-Project/own_dataset/IMG/robocam_2017_05_26_23_59_47_059.jpg,0,1,0,2.397176,101.8183,88.81587,1.326254,56.33106,-0.001269528
/Users/riki/workspace/udacity-robot/RoboND-Rover-Project/own_dataset/IMG/robocam_2017_05_26_23_59_47_128.jpg,0,1,0,2.455653,101.9283,88.97956,1.33113,56.3154,-0.001299981
/Users/riki/workspace/udacity-robot/RoboND-Rover-Project/own_dataset/IMG/robocam_2017_05_26_23_59_47_181.jpg,0,1,0,2.484398,101.9843,89.06284,1.334952,56.30785,-0.00132136
/Users/riki/workspace/udacity-robot/RoboND-Rover-Project/own_dataset/IMG/robocam_2017_05_26_23_59_47_241.jpg,0,1,0,2.527415,102.0695,89.18947,1.337258,56.29792,-0.001338281
/Users/riki/workspace/udacity-robot/RoboND-Rover-Project/own_dataset/IMG/robocam_2017_05_26_23_59_47_311.jpg,0,1,0,2.584852,102.1853,89.36155,1.33479,56.28045,-0.001317277
/Users/riki/workspace/udacity-robot/RoboND-Rover-Project/own_dataset/IMG/robocam_2017_05_26_23_59_47_377.jpg,0,1,0,2.627983,102.274,89.49323,1.345473,56.26751,-0.001348881
/Users/riki/workspace/udacity-robot/RoboND-Rover-Project/own_dataset/IMG/robocam_2017_05_26_23_59_47_445.jpg,0,1,0,2.683437,102.364,89.62687,1.346926,56.25515,-0.001353845
/Users/riki/workspace/udacity-robot/RoboND-Rover-Project/own_dataset/IMG/robocam_2017_05_26_23_59_47_493.jpg,0,1,0,2.712479,102.4555,89.76257,1.345593,56.24199,-0.001364039
/Users/riki/workspace/udacity-robot/RoboND-Rover-Project/own_dataset/IMG/robocam_2017_05_26_23_59_47_563.jpg,0,1,0,2.754722,102.5485,89.90047,1.352028,56.2294,-0.001285821
/Users/riki/workspace/udacity-robot/RoboND-Rover-Project/own_dataset/IMG/robocam_2017_05_26_23_59_47_626.jpg,0,1,0,2.796546,102.643,90.04044,1.359206,56.21586,-0.00141801
/Users/riki/workspace/udacity-robot/RoboND-Rover-Project/own_dataset/IMG/robocam_2017_05_26_23_59_47_694.jpg,0,1,0,2.852551,102.7711,90.2302,1.363636,56.2,-0.001457964
/Users/riki/workspace/udacity-robot/RoboND-Rover-Project/own_dataset/IMG/robocam_2017_05_26_23_59_47_744.jpg,0,1,0,2.88047,102.8361,90.32642,1.363571,56.19225,-0.001455749
/Users/riki/workspace/udacity-robot/RoboND-Rover-Project/own_dataset/IMG/robocam_2017_05_26_23_59_47_811.jpg,0,1,0,2.936097,102.968,90.52162,1.364142,56.17741,-0.001009847
/Users/riki/workspace/udacity-robot/RoboND-Rover-Project/own_dataset/IMG/robocam_2017_05_26_23_59_47_876.jpg,0,1,0,2.977323,103.0686,90.67043,1.368247,56.16219,-0.001466721
/Users/riki/workspace/udacity-robot/RoboND-Rover-Project/own_dataset/IMG/robocam_2017_05_26_23_59_47_944.jpg,0,1,0,3.032506,103.1707,90.82121,1.368667,56.14914,-0.001474808
/Users/riki/workspace/udacity-robot/RoboND-Rover-Project/own_dataset/IMG/robocam_2017_05_26_23_59_48_012.jpg,0,1,0,3.074163,103.309,91.02548,1.37463,56.13071,-0.001474918
/Users/riki/workspace/udacity-robot/RoboND-Rover-Project/own_dataset/IMG/robocam_2017_05_26_23_59_48_079.jpg,0,1,0,3.114505,103.4143,91.18097,1.37567,56.11686,-0.001506811
/Users/riki/workspace/udacity-robot/RoboND-Rover-Project/own_dataset/IMG/robocam_2017_05_26_23_59_48_128.jpg,0,1,0,3.1559,103.5211,91.33855,1.382557,56.10233,-0.001514101
/Users/riki/workspace/udacity-robot/RoboND-Rover-Project/own_dataset/IMG/robocam_2017_05_26_23_59_48_195.jpg,0,1,0,3.195995,103.6292,91.49804,1.382592,56.08834,-0.001535692
/Users/riki/workspace/udacity-robot/RoboND-Rover-Project/own_dataset/IMG/robocam_2017_05_26_23_59_48_260.jpg,0,1,0,3.237129,103.7388,91.65958,1.387594,56.07358,-0.001543061
/Users/riki/workspace/udacity-robot/RoboND-Rover-Project/own_dataset/IMG/robocam_2017_05_26_23_59_48_327.jpg,0,1,0,3.290453,103.8498,91.82304,1.389509,56.06022,-0.001102172
/Users/riki/workspace/udacity-robot/RoboND-Rover-Project/own_dataset/IMG/robocam_2017_05_26_23_59_48_394.jpg,0,1,0,3.330534,104,92.04408,1.393807,56.03963,-0.001119175
/Users/riki/workspace/udacity-robot/RoboND-Rover-Project/own_dataset/IMG/robocam_2017_05_26_23_59_48_451.jpg,0,1,0,3.357808,104.1142,92.2121,1.395449,56.02258,-0.001581338
/Users/riki/workspace/udacity-robot/RoboND-Rover-Project/own_dataset/IMG/robocam_2017_05_26_23_59_48_510.jpg,-2.902861,1,0,3.410927,104.2308,92.38141,1.398579,55.78522,-0.0006881864
/Users/riki/workspace/udacity-robot/RoboND-Rover-Project/own_dataset/IMG/robocam_2017_05_26_23_59_48_578.jpg,-6.011192,1,0,3.449908,104.3508,92.55097,1.391349,55.15278,0.0009512775
/Users/riki/workspace/udacity-robot/RoboND-Rover-Project/own_dataset/IMG/robocam_2017_05_26_23_59_48_627.jpg,-8.288597,1,0,3.487646,104.433,92.66373,1.376452,54.50393,-0.003306258
/Users/riki/workspace/udacity-robot/RoboND-Rover-Project/own_dataset/IMG/robocam_2017_05_26_23_59_48_695.jpg,-11.37465,1,0,3.5238,104.6052,92.88606,1.303465,52.57977,359.8846
/Users/riki/workspace/udacity-robot/RoboND-Rover-Project/own_dataset/IMG/robocam_2017_05_26_23_59_48_760.jpg,-14.15417,1,0,3.558262,104.7406,93.04836,1.140495,50.6172,359.7581
/Users/riki/workspace/udacity-robot/RoboND-Rover-Project/own_dataset/IMG/robocam_2017_05_26_23_59_48_825.jpg,-10.97487,1,0,3.60689,104.8817,93.20728,0.9250246,48.66442,359.5788
/Users/riki/workspace/udacity-robot/RoboND-Rover-Project/own_dataset/IMG/robocam_2017_05_26_23_59_48_896.jpg,-7.998347,1,0,3.645324,105.0769,93.41631,0.5879875,46.58979,359.3268
/Users/riki/workspace/udacity-robot/RoboND-Rover-Project/own_dataset/IMG/robocam_2017_05_26_23_59_48_961.jpg,-4.959364,1,0,3.683161,105.2283,93.57194,0.3372881,45.49828,359.1369
/Users/riki/workspace/udacity-robot/RoboND-Rover-Project/own_dataset/IMG/robocam_2017_05_26_23_59_49_029.jpg,-1.975637,1,0,3.733865,105.4353,93.78035,0.04170311,44.67391,358.9389
/Users/riki/workspace/udacity-robot/RoboND-Rover-Project/own_dataset/IMG/robocam_2017_05_26_23_59_49_093.jpg,0,1,0,3.770508,105.5939,93.93956,359.922,44.48674,358.8904
/Users/riki/workspace/udacity-robot/RoboND-Rover-Project/own_dataset/IMG/robocam_2017_05_26_23_59_49_161.jpg,0,1,0,3.806781,105.7564,94.10247,359.9795,44.45928,358.9474
/Users/riki/workspace/udacity-robot/RoboND-Rover-Project/own_dataset/IMG/robocam_2017_05_26_23_59_49_226.jpg,0,1,0,3.854645,105.9218,94.26653,0.07640996,44.45754,359.0182
/Users/riki/workspace/udacity-robot/RoboND-Rover-Project/own_dataset/IMG/robocam_2017_05_26_23_59_49_292.jpg,0,1,0,3.891255,106.1457,94.48781,0.2464073,44.47007,359.1609
/Users/riki/workspace/udacity-robot/RoboND-Rover-Project/own_dataset/IMG/robocam_2017_05_26_23_59_49_341.jpg,0,1,0,3.928501,106.2592,94.59967,0.3580401,44.47641,359.2411
/Users/riki/workspace/udacity-robot/RoboND-Rover-Project/own_dataset/IMG/robocam_2017_05_26_23_59_49_391.jpg,0,1,0,3.965248,106.4309,94.76904,0.5447245,44.49248,359.3799
/Users/riki/workspace/udacity-robot/RoboND-Rover-Project/own_dataset/IMG/robocam_2017_05_26_23_59_49_442.jpg,0,1,0,3.977423,106.5462,94.88301,0.678907,44.50686,359.4828
/Users/riki/workspace/udacity-robot/RoboND-Rover-Project/own_dataset/IMG/robocam_2017_05_26_23_59_49_510.jpg,0,1,0,4.026289,106.7794,95.11339,0.9744416,44.53901,359.6939
/Users/riki/workspace/udacity-robot/RoboND-Rover-Project/own_dataset/IMG/robocam_2017_05_26_23_59_49_557.jpg,0,1,0,4.062672,106.8969,95.2298,1.126276,44.56269,359.8057
/Users/riki/workspace/udacity-robot/RoboND-Rover-Project/own_dataset/IMG/robocam_2017_05_26_23_59_49_611.jpg,0,1,0,4.099207,107.0744,95.40591,1.354968,44.59911,359.9777
/Users/riki/workspace/udacity-robot/RoboND-Rover-Project/own_dataset/IMG/robocam_2017_05_26_23_59_49_662.jpg,0,1,0,4.111352,107.1945,95.52283,1.48703,44.58188,-0.0006167389
/Users/riki/workspace/udacity-robot/RoboND-Rover-Project/own_dataset/IMG/robocam_2017_05_26_23_59_49_708.jpg,0,1,0,4.163089,107.3739,95.69722,1.501259,44.57415,-0.002989287
/Users/riki/workspace/udacity-robot/RoboND-Rover-Project/own_dataset/IMG/robocam_2017_05_26_23_59_49_759.jpg,0,1,0,4.193022,107.4938,95.81403,1.462576,44.57491,-0.001302696
/Users/riki/workspace/udacity-robot/RoboND-Rover-Project/own_dataset/IMG/robocam_2017_05_26_23_59_49_810.jpg,0,1,0,4.217882,107.6751,95.99073,1.416864,44.55423,-0.001112914
/Users/riki/workspace/udacity-robot/RoboND-Rover-Project/own_dataset/IMG/robocam_2017_05_26_23_59_49_858.jpg,0,1,0,4.254224,107.7969,96.10955,1.399074,44.53611,-0.001128865
/Users/riki/workspace/udacity-robot/RoboND-Rover-Project/own_dataset/IMG/robocam_2017_05_26_23_59_49_910.jpg,0,1,0,4.290434,107.9812,96.28924,1.389302,44.50735,-0.001163929
/Users/riki/workspace/udacity-robot/RoboND-Rover-Project/own_dataset/IMG/robocam_2017_05_26_23_59_49_978.jpg,0,1,0,4.314518,108.1674,96.4706,1.397005,44.47831,-0.001218217
/Users/riki/workspace/udacity-robot/RoboND-Rover-Project/own_dataset/IMG/robocam_2017_05_26_23_59_50_024.jpg,0,1,0,4.362564,108.2924,96.5924,1.410269,44.45898,-0.001247368
/Users/riki/workspace/udacity-robot/RoboND-Rover-Project/own_dataset/IMG/robocam_2017_05_26_23_59_50_077.jpg,0,1,0,4.386531,108.4816,96.77643,1.439973,44.42984,-0.001289392
/Users/riki/workspace/udacity-robot/RoboND-Rover-Project/own_dataset/IMG/robocam_2017_05_26_23_59_50_145.jpg,0,1,0,4.422418,108.6724,96.96197,1.478758,44.40025,-0.001340711
/Users/riki/workspace/udacity-robot/RoboND-Rover-Project/own_dataset/IMG/robocam_2017_05_26_23_59_50_192.jpg,0,1,0,4.458214,108.8647,97.14867,1.497431,44.37319,-0.001984367
/Users/riki/workspace/udacity-robot/RoboND-Rover-Project/own_dataset/IMG/robocam_2017_05_26_23_59_50_242.jpg,-1.57878,1,0,4.483925,108.9937,97.27359,1.486189,44.33178,-0.001292942
/Users/riki/workspace/udacity-robot/RoboND-Rover-Project/own_dataset/IMG/robocam_2017_05_26_23_59_50_311.jpg,-3.6837,1,0,4.519855,109.2552,97.5239,1.471825,43.93261,8.209607E-05
/Users/riki/workspace/udacity-robot/RoboND-Rover-Project/own_dataset/IMG/robocam_2017_05_26_23_59_50_358.jpg,-6.677866,1,0,4.55479,109.3883,97.64884,1.470895,43.52097,0.00035107
/Users/riki/workspace/udacity-robot/RoboND-Rover-Project/own_dataset/IMG/robocam_2017_05_26_23_59_50_408.jpg,-9.095985,1,0,4.588926,109.591,97.83524,1.469697,42.62295,-0.004160475
/Users/riki/workspace/udacity-robot/RoboND-Rover-Project/own_dataset/IMG/robocam_2017_05_26_23_59_50_457.jpg,-11.16792,1,0,4.610611,109.7289,97.95769,1.446818,41.78362,359.9601
/Users/riki/workspace/udacity-robot/RoboND-Rover-Project/own_dataset/IMG/robocam_2017_05_26_23_59_50_508.jpg,-13.51341,1,0,4.643367,109.9395,98.13733,1.338958,40.17157,359.8595
/Users/riki/workspace/udacity-robot/RoboND-Rover-Project/own_dataset/IMG/robocam_2017_05_26_23_59_50_576.jpg,-14.24848,1,0,4.663983,110.1553,98.31036,1.121618,38.16355,359.6896
/Users/riki/workspace/udacity-robot/RoboND-Rover-Project/own_dataset/IMG/robocam_2017_05_26_23_59_50_624.jpg,-11.24933,1,0,4.696048,110.3021,98.42241,0.9325576,36.8485,359.5432
/Users/riki/workspace/udacity-robot/RoboND-Rover-Project/own_dataset/IMG/robocam_2017_05_26_23_59_50_677.jpg,-9.839791,1,0,4.718268,110.5263,98.5862,0.6035703,35.1262,359.2864
/Users/riki/workspace/udacity-robot/RoboND-Rover-Project/own_dataset/IMG/robocam_2017_05_26_23_59_50_724.jpg,-6.932655,1,0,4.750623,110.6783,98.69286,0.3610632,34.16766,359.1025
/Users/riki/workspace/udacity-robot/RoboND-Rover-Project/own_dataset/IMG/robocam_2017_05_26_23_59_50_774.jpg,-4.415895,1,0,4.782948,110.9101,98.85002,359.985,33.07446,358.8284
/Users/riki/workspace/udacity-robot/RoboND-Rover-Project/own_dataset/IMG/robocam_2017_05_26_23_59_50_823.jpg,-2.24334,1,0,4.806779,111.0674,98.95541,359.8323,32.61019,358.7282
/Users/riki/workspace/udacity-robot/RoboND-Rover-Project/own_dataset/IMG/robocam_2017_05_26_23_59_50_874.jpg,0,1,0,4.821386,111.3078,99.11691,359.8512,32.34994,358.8134
/Users/riki/workspace/udacity-robot/RoboND-Rover-Project/own_dataset/IMG/robocam_2017_05_26_23_59_50_942.jpg,0,1,0,4.835351,111.5536,99.27908,0.02705505,32.24563,358.9971
/Users/riki/workspace/udacity-robot/RoboND-Rover-Project/own_dataset/IMG/robocam_2017_05_26_23_59_50_992.jpg,0,1,0,4.894548,111.8034,99.43932,0.2057642,32.18475,359.1436
/Users/riki/workspace/udacity-robot/RoboND-Rover-Project/own_dataset/IMG/robocam_2017_05_26_23_59_51_044.jpg,0,1,0,4.905771,111.9716,99.54607,0.3383196,32.16983,359.2307
/Users/riki/workspace/udacity-robot/RoboND-Rover-Project/own_dataset/IMG/robocam_2017_05_26_23_59_51_091.jpg,0,1,0,4.949764,112.2257,99.70691,0.5490232,32.17043,359.3683
/Users/riki/workspace/udacity-robot/RoboND-Rover-Project/own_dataset/IMG/robocam_2017_05_26_23_59_51_143.jpg,0,1,0,4.972075,112.396,99.81475,0.6921253,32.18093,359.4699
/Users/riki/workspace/udacity-robot/RoboND-Rover-Project/own_dataset/IMG/robocam_2017_05_26_23_59_51_192.jpg,0,1,0,5.005817,112.6533,99.97748,0.9275044,32.19881,359.6199
/Users/riki/workspace/udacity-robot/RoboND-Rover-Project/own_dataset/IMG/robocam_2017_05_26_23_59_51_242.jpg,0,1,0,5.008452,112.825,100.0863,1.084392,32.21408,359.7296
/Users/riki/workspace/udacity-robot/RoboND-Rover-Project/own_dataset/IMG/robocam_2017_05_26_23_59_51_292.jpg,0,1,0,5.015231,113.0821,100.2496,1.309786,32.25499,359.9034
/Users/riki/workspace/udacity-robot/RoboND-Rover-Project/own_dataset/IMG/robocam_2017_05_26_23_59_51_341.jpg,-2.334871,1,0,5.020401,113.2539,100.3579,1.458133,32.22744,-0.004525719
/Users/riki/workspace/udacity-robot/RoboND-Rover-Project/own_dataset/IMG/robocam_2017_05_26_23_59_51_410.jpg,-4.449871,1,0,5.00903,113.5972,100.5684,1.50117,31.72613,0.0009127304
/Users/riki/workspace/udacity-robot/RoboND-Rover-Project/own_dataset/IMG/robocam_2017_05_26_23_59_51_457.jpg,-4.701059,1,0,4.943013,113.7667,100.6704,1.43377,31.30864,0.001124665
/Users/riki/workspace/udacity-robot/RoboND-Rover-Project/own_dataset/IMG/robocam_2017_05_26_23_59_51_508.jpg,-3.186676,1,0,5.010271,113.9385,100.773,1.409088,30.93573,-0.0002003772
/Users/riki/workspace/udacity-robot/RoboND-Rover-Project/own_dataset/IMG/robocam_2017_05_26_23_59_51_557.jpg,-0.2301309,1,0,5.013613,114.1967,100.9266,1.38623,30.5939,-0.002499086
/Users/riki/workspace/udacity-robot/RoboND-Rover-Project/own_dataset/IMG/robocam_2017_05_26_23_59_51_610.jpg,0,1,0,5.015563,114.4557,101.08,1.385348,30.47801,-0.004293548
/Users/riki/workspace/udacity-robot/RoboND-Rover-Project/own_dataset/IMG/robocam_2017_05_26_23_59_51_656.jpg,0,1,0,5.000294,114.6286,101.1822,1.39421,30.45533,-0.00491631
/Users/riki/workspace/udacity-robot/RoboND-Rover-Project/own_dataset/IMG/robocam_2017_05_26_23_59_51_710.jpg,0,1,0,4.986012,114.8875,101.3349,1.404365,30.41794,-0.0045926
/Users/riki/workspace/udacity-robot/RoboND-Rover-Project/own_dataset/IMG/robocam_2017_05_26_23_59_51_757.jpg,0,1,0,5.008661,115.0607,101.4368,1.424924,30.41564,-0.00449101
/Users/riki/workspace/udacity-robot/RoboND-Rover-Project/own_dataset/IMG/robocam_2017_05_26_23_59_51_806.jpg,0,1,0,5.021449,115.2341,101.5386,1.449902,30.41529,-0.00436071
/Users/riki/workspace/udacity-robot/RoboND-Rover-Project/own_dataset/IMG/robocam_2017_05_26_23_59_51_858.jpg,0,1,0,4.998211,115.4941,101.6911,1.485743,30.40572,-0.003933056
/Users/riki/workspace/udacity-robot/RoboND-Rover-Project/own_dataset/IMG/robocam_2017_05_26_23_59_51_908.jpg,0,1,0,5.016533,115.7539,101.8433,1.505181,30.38732,-0.002942426
/Users/riki/workspace/udacity-robot/RoboND-Rover-Project/own_dataset/IMG/robocam_2017_05_26_23_59_51_957.jpg,0,1,0,5.026504,115.9269,101.9442,1.493119,30.36489,-0.001909686
/Users/riki/workspace/udacity-robot/RoboND-Rover-Project/own_dataset/IMG/robocam_2017_05_26_23_59_52_008.jpg,0,1,0,5.013809,116.187,102.0955,1.491864,30.33016,-0.00163441
/Users/riki/workspace/udacity-robot/RoboND-Rover-Project/own_dataset/IMG/robocam_2017_05_26_23_59_52_076.jpg,0,1,0,5.015051,116.4476,102.2466,1.503079,30.29831,-0.001651339
/Users/riki/workspace/udacity-robot/RoboND-Rover-Project/own_dataset/IMG/robocam_2017_05_26_23_59_52_125.jpg,0,1,0,5.002794,116.6215,102.3472,1.516093,30.27813,-0.001773642
/Users/riki/workspace/udacity-robot/RoboND-Rover-Project/own_dataset/IMG/robocam_2017_05_26_23_59_52_176.jpg,0,1,0,5.014741,116.8812,102.4973,1.483158,30.22672,-0.004151264
/Users/riki/workspace/udacity-robot/RoboND-Rover-Project/own_dataset/IMG/robocam_2017_05_26_23_59_52_243.jpg,0,1,0,5.033515,117.1402,102.6468,1.393002,30.18867,-0.001348133
/Users/riki/workspace/udacity-robot/RoboND-Rover-Project/own_dataset/IMG/robocam_2017_05_26_23_59_52_290.jpg,0,1,0,5.010423,117.4001,102.7965,1.338205,30.1556,-0.001380928
/Users/riki/workspace/udacity-robot/RoboND-Rover-Project/own_dataset/IMG/robocam_2017_05_26_23_59_52_342.jpg,0,1,0,5.008591,117.5736,102.8964,1.316571,30.13624,-0.001475283
/Users/riki/workspace/udacity-robot/RoboND-Rover-Project/own_dataset/IMG/robocam_2017_05_26_23_59_52_410.jpg,0,1,0,5.023092,117.9209,103.0961,1.296513,30.06756,-0.001263642
/Users/riki/workspace/udacity-robot/RoboND-Rover-Project/own_dataset/IMG/robocam_2017_05_26_23_59_52_457.jpg,2.964962,1,0,5.014205,118.0946,103.1965,1.30232,30.1402,-0.001599585
/Users/riki/workspace/udacity-robot/RoboND-Rover-Project/own_dataset/IMG/robocam_2017_05_26_23_59_52_507.jpg,5.287366,0.8451731,0,5.002915,118.268,103.2975,1.313234,30.32864,0.0005187503
/Users/riki/workspace/udacity-robot/RoboND-Rover-Project/own_dataset/IMG/robocam_2017_05_26_23_59_52_576.jpg,7.424551,0.7026941,0,4.987352,118.6115,103.5037,1.31434,31.19126,0.08590922
/Users/riki/workspace/udacity-robot/RoboND-Rover-Project/own_dataset/IMG/robocam_2017_05_26_23_59_52_624.jpg,10.45944,0.5003681,0,5.003343,118.7811,103.6095,1.292993,31.87968,0.1872274
/Users/riki/workspace/udacity-robot/RoboND-Rover-Project/own_dataset/IMG/robocam_2017_05_26_23_59_52_673.jpg,12.81384,0.3434081,0,5.004825,119.0309,103.7701,1.115975,33.30329,0.3218251
/Users/riki/workspace/udacity-robot/RoboND-Rover-Project/own_dataset/IMG/robocam_2017_05_26_23_59_52_726.jpg,14.20538,0.2506391,0,4.997478,119.1936,103.8803,0.929598,34.42995,0.4573465
/Users/riki/workspace/udacity-robot/RoboND-Rover-Project/own_dataset/IMG/robocam_2017_05_26_23_59_52_774.jpg,15,0.0506981,0,4.986676,119.4311,104.0507,0.552377,36.3238,0.7560131
/Users/riki/workspace/udacity-robot/RoboND-Rover-Project/own_dataset/IMG/robocam_2017_05_26_23_59_52_824.jpg,15,0,0,4.974064,119.5847,104.1674,0.2384915,37.63663,1.013918
/Users/riki/workspace/udacity-robot/RoboND-Rover-Project/own_dataset/IMG/robocam_2017_05_26_23_59_52_893.jpg,15,0.09743106,0,4.95328,119.885,104.4071,359.6258,40.13419,1.479127
/Users/riki/workspace/udacity-robot/RoboND-Rover-Project/own_dataset/IMG/robocam_2017_05_26_23_59_52_959.jpg,13.65774,0.296466,0,4.935738,120.1109,104.5928,359.4733,41.8684,1.541384
/Users/riki/workspace/udacity-robot/RoboND-Rover-Project/own_dataset/IMG/robocam_2017_05_26_23_59_53_006.jpg,10.63113,0.49824,0,4.917273,120.2601,104.7202,359.4699,42.95473,1.504893
/Users/riki/workspace/udacity-robot/RoboND-Rover-Project/own_dataset/IMG/robocam_2017_05_26_23_59_53_058.jpg,8.28771,0.6544681,0,4.912302,120.482,104.9171,359.6052,44.38402,1.316833
/Users/riki/workspace/udacity-robot/RoboND-Rover-Project/own_dataset/IMG/robocam_2017_05_26_23_59_53_126.jpg,6.123481,0.79875,0,4.911554,120.7013,105.1219,359.9227,45.51619,0.9823716
/Users/riki/workspace/udacity-robot/RoboND-Rover-Project/own_dataset/IMG/robocam_2017_05_26_23_59_53_174.jpg,3.129315,0.9983611,0,4.936897,120.9131,105.3363,0.2299775,46.34906,0.8408961
/Users/riki/workspace/udacity-robot/RoboND-Rover-Project/own_dataset/IMG/robocam_2017_05_26_23_59_53_224.jpg,0.7804969,1,0,4.969666,121.0528,105.4816,0.4069777,46.73564,0.7749004
/Users/riki/workspace/udacity-robot/RoboND-Rover-Project/own_dataset/IMG/robocam_2017_05_26_23_59_53_292.jpg,0,1,0,4.991928,121.3319,105.7751,0.7047244,47.10538,0.6133226
/Users/riki/workspace/udacity-robot/RoboND-Rover-Project/own_dataset/IMG/robocam_2017_05_26_23_59_53_340.jpg,0,1,0,5.006074,121.471,105.9225,0.8286731,47.17815,0.5181969
/Users/riki/workspace/udacity-robot/RoboND-Rover-Project/own_dataset/IMG/robocam_2017_05_26_23_59_53_392.jpg,0,1,0,5.00219,121.6788,106.1439,1.003569,47.22039,0.3715626
/Users/riki/workspace/udacity-robot/RoboND-Rover-Project/own_dataset/IMG/robocam_2017_05_26_23_59_53_440.jpg,0,1,0,5.022027,121.8169,106.2914,1.097315,47.21707,0.2573751
/Users/riki/workspace/udacity-robot/RoboND-Rover-Project/own_dataset/IMG/robocam_2017_05_26_23_59_53_491.jpg,0,1,0,5.015126,122.024,106.5132,1.246606,47.18942,0.1006749
/Users/riki/workspace/udacity-robot/RoboND-Rover-Project/own_dataset/IMG/robocam_2017_05_26_23_59_53_559.jpg,0,1,0,5.019897,122.2309,106.7358,1.408758,47.1722,359.9941
/Users/riki/workspace/udacity-robot/RoboND-Rover-Project/own_dataset/IMG/robocam_2017_05_26_23_59_53_606.jpg,0,1,0,5.013855,122.3673,106.8843,1.492703,47.1893,359.9931
/Users/riki/workspace/udacity-robot/RoboND-Rover-Project/own_dataset/IMG/robocam_2017_05_26_23_59_53_660.jpg,0,1,0,5.014711,122.571,107.1055,1.483264,47.19239,359.9929
/Users/riki/workspace/udacity-robot/RoboND-Rover-Project/own_dataset/IMG/robocam_2017_05_26_23_59_53_706.jpg,2.931389,1,0,4.953166,122.7055,107.2514,1.391094,47.24555,-0.00198641
/Users/riki/workspace/udacity-robot/RoboND-Rover-Project/own_dataset/IMG/robocam_2017_05_26_23_59_53_757.jpg,4.476599,1,0,5.002809,122.9078,107.4719,1.306984,47.56026,-0.001628543
/Users/riki/workspace/udacity-robot/RoboND-Rover-Project/own_dataset/IMG/robocam_2017_05_26_23_59_53_803.jpg,7.440748,1,0,5.008553,123.0415,107.6203,1.26375,47.94938,0.02492521
/Users/riki/workspace/udacity-robot/RoboND-Rover-Project/own_dataset/IMG/robocam_2017_05_26_23_59_53_857.jpg,9.815533,1,0,5.004476,123.2392,107.846,1.214612,48.90023,0.1378163
/Users/riki/workspace/udacity-robot/RoboND-Rover-Project/own_dataset/IMG/robocam_2017_05_26_23_59_53_906.jpg,11.99898,1,0,5.013311,123.3681,107.9982,1.168317,49.61507,0.2654175
/Users/riki/workspace/udacity-robot/RoboND-Rover-Project/own_dataset/IMG/robocam_2017_05_26_23_59_53_957.jpg,14.29258,1,0,5.007272,123.5572,108.2293,1.055821,51.20712,0.4721383
/Users/riki/workspace/udacity-robot/RoboND-Rover-Project/own_dataset/IMG/robocam_2017_05_26_23_59_54_027.jpg,15,1,0,5.007585,123.7388,108.4618,0.7611947,53.1936,0.6421606
/Users/riki/workspace/udacity-robot/RoboND-Rover-Project/own_dataset/IMG/robocam_2017_05_26_23_59_54_092.jpg,15,1,0,5.020463,123.9656,108.7802,0.2351209,56.06797,1.022031
/Users/riki/workspace/udacity-robot/RoboND-Rover-Project/own_dataset/IMG/robocam_2017_05_26_23_59_54_144.jpg,15,1,0,5.009027,124.073,108.9424,359.9362,57.46378,1.261976
/Users/riki/workspace/udacity-robot/RoboND-Rover-Project/own_dataset/IMG/robocam_2017_05_26_23_59_54_190.jpg,15,1,0,5.001671,124.2335,109.1912,359.7432,59.27715,1.420938
/Users/riki/workspace/udacity-robot/RoboND-Rover-Project/own_dataset/IMG/robocam_2017_05_26_23_59_54_237.jpg,15,1,0,5.000421,124.3384,109.3607,359.7369,60.40977,1.441842
/Users/riki/workspace/udacity-robot/RoboND-Rover-Project/own_dataset/IMG/robocam_2017_05_26_23_59_54_292.jpg,15,1,0,5.000817,124.4913,109.621,359.8843,62.10736,1.379365
/Users/riki/workspace/udacity-robot/RoboND-Rover-Project/own_dataset/IMG/robocam_2017_05_26_23_59_54_342.jpg,15,1,0,5.001242,124.59,109.7988,0.0971922,63.2711,1.252255
/Users/riki/workspace/udacity-robot/RoboND-Rover-Project/own_dataset/IMG/robocam_2017_05_26_23_59_54_392.jpg,15,1,0,5.007713,124.7254,110.0703,0.2706474,65.66281,1.160937
/Users/riki/workspace/udacity-robot/RoboND-Rover-Project/own_dataset/IMG/robocam_2017_05_26_23_59_54_441.jpg,12.69433,1,0,5.006567,124.8084,110.2522,0.2835086,67.2979,1.155174
/Users/riki/workspace/udacity-robot/RoboND-Rover-Project/own_dataset/IMG/robocam_2017_05_26_23_59_54_491.jpg,10.47412,1,0,5.006405,124.9235,110.526,0.1381027,69.50023,1.185926
/Users/riki/workspace/udacity-robot/RoboND-Rover-Project/own_dataset/IMG/robocam_2017_05_26_23_59_54_541.jpg,8.124989,1,0,5.006303,124.9954,110.7088,359.9431,70.69958,1.186375
/Users/riki/workspace/udacity-robot/RoboND-Rover-Project/own_dataset/IMG/robocam_2017_05_26_23_59_54_609.jpg,5.983889,1,0,5.003613,125.1302,111.0852,359.9008,72.45703,1.173429
/Users/riki/workspace/udacity-robot/RoboND-Rover-Project/own_dataset/IMG/robocam_2017_05_26_23_59_54_655.jpg,8.936609,1,0,5.015313,125.1927,111.2773,0.006754137,73.18996,1.181937
/Users/riki/workspace/udacity-robot/RoboND-Rover-Project/own_dataset/IMG/robocam_2017_05_26_23_59_54_710.jpg,10.58748,1,0,5.01398,125.2799,111.5646,0.01446934,74.3942,1.160963
/Users/riki/workspace/udacity-robot/RoboND-Rover-Project/own_dataset/IMG/robocam_2017_05_26_23_59_54_757.jpg,13.45029,1,0,5.011519,125.3334,111.7572,0.004692367,75.37262,1.147421
/Users/riki/workspace/udacity-robot/RoboND-Rover-Project/own_dataset/IMG/robocam_2017_05_26_23_59_54_809.jpg,15,1,0,5.010272,125.4059,112.0483,0.00578365,77.05783,1.159409
/Users/riki/workspace/udacity-robot/RoboND-Rover-Project/own_dataset/IMG/robocam_2017_05_26_23_59_54_859.jpg,15,1,0,5.009238,125.4494,112.2434,0.004600106,78.27836,1.16708
/Users/riki/workspace/udacity-robot/RoboND-Rover-Project/own_dataset/IMG/robocam_2017_05_26_23_59_54_909.jpg,15,1,0,5.00865,125.5074,112.5377,0.008851899,80.18053,1.172688
/Users/riki/workspace/udacity-robot/RoboND-Rover-Project/own_dataset/IMG/robocam_2017_05_26_23_59_54_977.jpg,15,1,0,5.007841,125.556,112.8335,0.005866092,82.14202,1.169192
/Users/riki/workspace/udacity-robot/RoboND-Rover-Project/own_dataset/IMG/robocam_2017_05_26_23_59_55_026.jpg,15,1,0,5.007736,125.583,113.0314,0.001617834,83.46227,1.171252
/Users/riki/workspace/udacity-robot/RoboND-Rover-Project/own_dataset/IMG/robocam_2017_05_26_23_59_55_075.jpg,15,1,0,5.007458,125.6152,113.3296,0.008232796,85.46122,1.172777
/Users/riki/workspace/udacity-robot/RoboND-Rover-Project/own_dataset/IMG/robocam_2017_05_26_23_59_55_142.jpg,15,1,0,5.009663,125.6372,113.6284,0.0021173,87.48021,1.176906
/Users/riki/workspace/udacity-robot/RoboND-Rover-Project/own_dataset/IMG/robocam_2017_05_26_23_59_55_210.jpg,15,1,0,5.006525,125.6507,114.0279,0.002075174,90.14923,1.17555
/Users/riki/workspace/udacity-robot/RoboND-Rover-Project/own_dataset/IMG/robocam_2017_05_26_23_59_55_277.jpg,15,1,0,5.009611,125.6487,114.3278,0.008121194,92.14206,1.173231
/Users/riki/workspace/udacity-robot/RoboND-Rover-Project/own_dataset/IMG/robocam_2017_05_26_23_59_55_342.jpg,15,1,0,5.009573,125.6362,114.6272,0.002037908,94.15872,1.17901
/Users/riki/workspace/udacity-robot/RoboND-Rover-Project/own_dataset/IMG/robocam_2017_05_26_23_59_55_414.jpg,15,1,0,5.006401,125.6035,115.0255,0.001683021,96.81003,1.176434
/Users/riki/workspace/udacity-robot/RoboND-Rover-Project/own_dataset/IMG/robocam_2017_05_26_23_59_55_477.jpg,11.93293,1,0,5.010993,125.5679,115.3234,0.006943588,98.64737,1.150929
/Users/riki/workspace/udacity-robot/RoboND-Rover-Project/own_dataset/IMG/robocam_2017_05_26_23_59_55_544.jpg,10.64427,1,0,5.011423,125.5227,115.62,0.0038001,100.2525,1.149448
/Users/riki/workspace/udacity-robot/RoboND-Rover-Project/own_dataset/IMG/robocam_2017_05_26_23_59_55_597.jpg,12.92924,1,0,5.009084,125.4684,115.9151,0.006698268,101.8462,1.162767
/Users/riki/workspace/udacity-robot/RoboND-Rover-Project/own_dataset/IMG/robocam_2017_05_26_23_59_55_660.jpg,15,1,0,5.008339,125.4048,116.208,0.0004682949,103.6188,1.177485
/Users/riki/workspace/udacity-robot/RoboND-Rover-Project/own_dataset/IMG/robocam_2017_05_26_23_59_55_728.jpg,15,1,0,5.006791,125.306,116.5955,0.006058498,106.1541,1.162007
/Users/riki/workspace/udacity-robot/RoboND-Rover-Project/own_dataset/IMG/robocam_2017_05_26_23_59_55_780.jpg,15,1,0,5.008593,125.2499,116.7873,0.005295411,107.4572,1.167925
/Users/riki/workspace/udacity-robot/RoboND-Rover-Project/own_dataset/IMG/robocam_2017_05_26_23_59_55_844.jpg,15,1,0,5.009122,125.1578,117.0727,0.007712618,109.4314,1.17985
/Users/riki/workspace/udacity-robot/RoboND-Rover-Project/own_dataset/IMG/robocam_2017_05_26_23_59_55_910.jpg,13.64424,1,0,5.010548,125.0212,117.4484,0.00777541,112.0145,1.161224
/Users/riki/workspace/udacity-robot/RoboND-Rover-Project/own_dataset/IMG/robocam_2017_05_26_23_59_55_959.jpg,11.43289,1,0,5.010195,124.947,117.6341,0.008068454,113.1896,1.15205
/Users/riki/workspace/udacity-robot/RoboND-Rover-Project/own_dataset/IMG/robocam_2017_05_26_23_59_56_027.jpg,8.26098,1,0,5.011637,124.829,117.9099,0.003267258,114.7042,1.143193
/Users/riki/workspace/udacity-robot/RoboND-Rover-Project/own_dataset/IMG/robocam_2017_05_26_23_59_56_094.jpg,5.476423,1,0,5.010037,124.6615,118.2738,0.01572766,116.1874,1.12885
/Users/riki/workspace/udacity-robot/RoboND-Rover-Project/own_dataset/IMG/robocam_2017_05_26_23_59_56_144.jpg,3.259365,1,0,5.010706,124.5745,118.4541,0.01397024,116.6834,1.118654
/Users/riki/workspace/udacity-robot/RoboND-Rover-Project/own_dataset/IMG/robocam_2017_05_26_23_59_56_212.jpg,0.0009584427,1,0,5.012257,124.3971,118.8134,0.008477545,117.1992,1.038142
/Users/riki/workspace/udacity-robot/RoboND-Rover-Project/own_dataset/IMG/robocam_2017_05_26_23_59_56_277.jpg,0,1,0,5.011498,124.2609,119.0823,0.05039037,117.3218,0.9957345
/Users/riki/workspace/udacity-robot/RoboND-Rover-Project/own_dataset/IMG/robocam_2017_05_26_23_59_56_342.jpg,0,1,0,5.0115,124.1234,119.3512,0.1287593,117.3586,0.9398522
/Users/riki/workspace/udacity-robot/RoboND-Rover-Project/own_dataset/IMG/robocam_2017_05_26_23_59_56_395.jpg,0,1,0,5.019534,123.9847,119.6208,0.2657004,117.3799,0.875787
/Users/riki/workspace/udacity-robot/RoboND-Rover-Project/own_dataset/IMG/robocam_2017_05_26_23_59_56_465.jpg,0,1,0,5.005912,123.8462,119.8903,0.4049172,117.3757,0.768422
/Users/riki/workspace/udacity-robot/RoboND-Rover-Project/own_dataset/IMG/robocam_2017_05_26_23_59_56_527.jpg,-3.018555,1,0,5.006196,123.7083,120.161,0.5726945,117.2152,0.6189644
/Users/riki/workspace/udacity-robot/RoboND-Rover-Project/own_dataset/IMG/robocam_2017_05_26_23_59_56_575.jpg,-5.117896,1,0,5.006695,123.5727,120.4329,0.7534611,116.7381,0.405958
/Users/riki/workspace/udacity-robot/RoboND-Rover-Project/own_dataset/IMG/robocam_2017_05_26_23_59_56_646.jpg,-5.225716,1,0,5.014281,123.4399,120.7068,0.9623666,116.0145,0.136575
/Users/riki/workspace/udacity-robot/RoboND-Rover-Project/own_dataset/IMG/robocam_2017_05_26_23_59_56_711.jpg,-6.73029,1,0,5.011141,123.2675,121.0735,1.205404,114.8525,359.7838
/Users/riki/workspace/udacity-robot/RoboND-Rover-Project/own_dataset/IMG/robocam_2017_05_26_23_59_56_777.jpg,-3.830535,1,0,5.01086,123.14,121.3469,1.261732,114.0922,359.6378
/Users/riki/workspace/udacity-robot/RoboND-Rover-Project/own_dataset/IMG/robocam_2017_05_26_23_59_56_843.jpg,-0.9639001,1,0,5.010007,123.014,121.6173,1.130078,113.5364,359.6516
/Users/riki/workspace/udacity-robot/RoboND-Rover-Project/own_dataset/IMG/robocam_2017_05_26_23_59_56_894.jpg,0,1,0,5.011246,122.8916,121.8873,0.9102964,113.2879,359.7003
/Users/riki/workspace/udacity-robot/RoboND-Rover-Project/own_dataset/IMG/robocam_2017_05_26_23_59_56_961.jpg,0,1,0,4.991889,122.772,122.16,0.7700931,113.1755,359.6798
/Users/riki/workspace/udacity-robot/RoboND-Rover-Project/own_dataset/IMG/robocam_2017_05_26_23_59_57_009.jpg,0,1,0,5.008438,122.6528,122.4344,0.6832246,113.1635,359.6466
/Users/riki/workspace/udacity-robot/RoboND-Rover-Project/own_dataset/IMG/robocam_2017_05_26_23_59_57_078.jpg,0,1,0,5.022531,122.5336,122.7096,0.6401911,113.1873,359.632
/Users/riki/workspace/udacity-robot/RoboND-Rover-Project/own_dataset/IMG/robocam_2017_05_26_23_59_57_129.jpg,0,1,0,5.016277,122.414,122.986,0.6528645,113.1981,359.6294
/Users/riki/workspace/udacity-robot/RoboND-Rover-Project/own_dataset/IMG/robocam_2017_05_26_23_59_57_193.jpg,0,1,0,4.994412,122.2942,123.2623,0.6889088,113.2391,359.6512
/Users/riki/workspace/udacity-robot/RoboND-Rover-Project/own_dataset/IMG/robocam_2017_05_26_23_59_57_242.jpg,0,1,0,5.016413,122.2141,123.4472,0.7400133,113.2524,359.6732
/Users/riki/workspace/udacity-robot/RoboND-Rover-Project/own_dataset/IMG/robocam_2017_05_26_23_59_57_312.jpg,0,1,0,5.014839,122.0537,123.8166,0.8605269,113.3121,359.7441
/Users/riki/workspace/udacity-robot/RoboND-Rover-Project/own_dataset/IMG/robocam_2017_05_26_23_59_57_363.jpg,0,1,0,5.003783,121.9733,124.0016,0.939946,113.3391,359.7885
/Users/riki/workspace/udacity-robot/RoboND-Rover-Project/own_dataset/IMG/robocam_2017_05_26_23_59_57_428.jpg,0,1,0,5.015781,121.8522,124.2794,1.06922,113.3787,359.8694
/Users/riki/workspace/udacity-robot/RoboND-Rover-Project/own_dataset/IMG/robocam_2017_05_26_23_59_57_479.jpg,0,1,0,5.021621,121.7307,124.5573,1.210027,113.4257,359.9657
/Users/riki/workspace/udacity-robot/RoboND-Rover-Project/own_dataset/IMG/robocam_2017_05_26_23_59_57_542.jpg,0,1,0,5.006264,121.61,124.8358,1.357373,113.431,-0.002680801
/Users/riki/workspace/udacity-robot/RoboND-Rover-Project/own_dataset/IMG/robocam_2017_05_26_23_59_57_613.jpg,0,1,0,5.026133,121.4504,125.2068,1.525647,113.4174,-0.002530068
/Users/riki/workspace/udacity-robot/RoboND-Rover-Project/own_dataset/IMG/robocam_2017_05_26_23_59_57_662.jpg,0,1,0,5.014384,121.3714,125.3907,1.492025,113.44,-0.003097367
/Users/riki/workspace/udacity-robot/RoboND-Rover-Project/own_dataset/IMG/robocam_2017_05_26_23_59_57_727.jpg,0,1,0,5.013946,121.2534,125.6661,1.426254,113.1072,0.007614204
/Users/riki/workspace/udacity-robot/RoboND-Rover-Project/own_dataset/IMG/robocam_2017_05_26_23_59_57_794.jpg,0,1,0,4.999609,121.0969,126.0326,1.313783,112.9823,0.01248158
/Users/riki/workspace/udacity-robot/RoboND-Rover-Project/own_dataset/IMG/robocam_2017_05_26_23_59_57_843.jpg,0,1,0,5.004062,121.0185,126.2163,1.263397,112.9502,0.01144386
/Users/riki/workspace/udacity-robot/RoboND-Rover-Project/own_dataset/IMG/robocam_2017_05_26_23_59_57_910.jpg,0,1,0,5.009373,120.8617,126.5842,1.200287,112.9095,0.01062285
/Users/riki/workspace/udacity-robot/RoboND-Rover-Project/own_dataset/IMG/robocam_2017_05_26_23_59_57_962.jpg,0,1,0,5.013159,120.7832,126.7684,1.184415,112.9023,0.01053
/Users/riki/workspace/udacity-robot/RoboND-Rover-Project/own_dataset/IMG/robocam_2017_05_26_23_59_58_024.jpg,0,1,0,5.013252,120.6657,127.0453,1.183468,113.52,359.9858
/Users/riki/workspace/udacity-robot/RoboND-Rover-Project/own_dataset/IMG/robocam_2017_05_26_23_59_58_090.jpg,0,1,0,5.013312,120.5086,127.4147,1.208742,113.4873,359.9856
/Users/riki/workspace/udacity-robot/RoboND-Rover-Project/own_dataset/IMG/robocam_2017_05_26_23_59_58_141.jpg,0,1,0,5.008754,120.43,127.5996,1.229551,113.459,359.9858
/Users/riki/workspace/udacity-robot/RoboND-Rover-Project/own_dataset/IMG/robocam_2017_05_26_23_59_58_211.jpg,0,1,0,5.009035,120.273,127.9698,1.287883,113.4271,359.9852
/Users/riki/workspace/udacity-robot/RoboND-Rover-Project/own_dataset/IMG/robocam_2017_05_26_23_59_58_262.jpg,0,1,0,5.012772,120.1945,128.155,1.32329,113.4218,359.9845
/Users/riki/workspace/udacity-robot/RoboND-Rover-Project/own_dataset/IMG/robocam_2017_05_26_23_59_58_329.jpg,0,1,0,5.012471,120.0378,128.5256,1.396481,113.388,359.9837
/Users/riki/workspace/udacity-robot/RoboND-Rover-Project/own_dataset/IMG/robocam_2017_05_26_23_59_58_389.jpg,0,1,0,5.009399,119.92,128.8035,1.452692,112.729,0.01207266
/Users/riki/workspace/udacity-robot/RoboND-Rover-Project/own_dataset/IMG/robocam_2017_05_26_23_59_58_442.jpg,0,1,0,5.013051,119.8418,128.9888,1.488984,112.7154,0.01252268
/Users/riki/workspace/udacity-robot/RoboND-Rover-Project/own_dataset/IMG/robocam_2017_05_26_23_59_58_491.jpg,0,1,0,5.012006,119.7258,129.2659,1.481556,112.9916,-0.000331108
/Users/riki/workspace/udacity-robot/RoboND-Rover-Project/own_dataset/IMG/robocam_2017_05_26_23_59_58_562.jpg,0,1,0,5.026318,119.6093,129.5444,1.539337,112.9311,-0.001687852
/Users/riki/workspace/udacity-robot/RoboND-Rover-Project/own_dataset/IMG/robocam_2017_05_26_23_59_58_626.jpg,0,1,0,5.033266,119.494,129.8203,1.448092,112.8855,-0.001189713
/Users/riki/workspace/udacity-robot/RoboND-Rover-Project/own_dataset/IMG/robocam_2017_05_26_23_59_58_677.jpg,0,1,0,5.009307,119.3785,130.0971,1.396812,112.8467,-0.001340263
/Users/riki/workspace/udacity-robot/RoboND-Rover-Project/own_dataset/IMG/robocam_2017_05_26_23_59_58_738.jpg,0,1,0,5.013976,119.263,130.3745,1.36867,112.8163,-0.001517589
/Users/riki/workspace/udacity-robot/RoboND-Rover-Project/own_dataset/IMG/robocam_2017_05_26_23_59_58_790.jpg,0,1,0,5.004633,119.1477,130.6518,1.353821,112.7601,-0.0006132873
/Users/riki/workspace/udacity-robot/RoboND-Rover-Project/own_dataset/IMG/robocam_2017_05_26_23_59_58_859.jpg,0,1,0,5.015839,119.0323,130.9299,1.361838,112.7251,-0.001351612
/Users/riki/workspace/udacity-robot/RoboND-Rover-Project/own_dataset/IMG/robocam_2017_05_26_23_59_58_910.jpg,0,1,0,5.016324,118.9169,131.2084,1.387203,112.7013,-0.00171947
/Users/riki/workspace/udacity-robot/RoboND-Rover-Project/own_dataset/IMG/robocam_2017_05_26_23_59_58_973.jpg,0,1,0,4.998447,118.8018,131.4868,1.415503,112.6516,-0.001513696
/Users/riki/workspace/udacity-robot/RoboND-Rover-Project/own_dataset/IMG/robocam_2017_05_26_23_59_59_043.jpg,0,1,0,5.008681,118.6868,131.7655,1.454393,112.6145,-0.001348596
/Users/riki/workspace/udacity-robot/RoboND-Rover-Project/own_dataset/IMG/robocam_2017_05_26_23_59_59_090.jpg,0,1,0,5.021087,118.5718,132.0448,1.506953,112.5971,-0.002141578
/Users/riki/workspace/udacity-robot/RoboND-Rover-Project/own_dataset/IMG/robocam_2017_05_26_23_59_59_161.jpg,0,1,0,4.983939,118.4578,132.3224,1.495645,112.5198,-0.004189747
/Users/riki/workspace/udacity-robot/RoboND-Rover-Project/own_dataset/IMG/robocam_2017_05_26_23_59_59_210.jpg,0,1,0,5.033441,118.3442,132.5994,1.426204,112.4809,-0.001441216
/Users/riki/workspace/udacity-robot/RoboND-Rover-Project/own_dataset/IMG/robocam_2017_05_26_23_59_59_261.jpg,0,1,0,5.009087,118.2684,132.7846,1.396903,112.4568,-0.001374664
/Users/riki/workspace/udacity-robot/RoboND-Rover-Project/own_dataset/IMG/robocam_2017_05_26_23_59_59_328.jpg,0,1,0,5.008504,118.1547,133.0628,1.373471,112.4278,-0.00154025
/Users/riki/workspace/udacity-robot/RoboND-Rover-Project/own_dataset/IMG/robocam_2017_05_26_23_59_59_390.jpg,0,1,0,5.023158,118.0034,133.4339,1.364303,112.3593,-0.001303682
/Users/riki/workspace/udacity-robot/RoboND-Rover-Project/own_dataset/IMG/robocam_2017_05_26_23_59_59_442.jpg,0,1,0,5.015625,117.9277,133.6198,1.37288,112.3362,-0.00135442
/Users/riki/workspace/udacity-robot/RoboND-Rover-Project/own_dataset/IMG/robocam_2017_05_26_23_59_59_492.jpg,0,1,0,5.016279,117.8142,133.8992,1.400079,112.3123,-0.001746302
/Users/riki/workspace/udacity-robot/RoboND-Rover-Project/own_dataset/IMG/robocam_2017_05_26_23_59_59_544.jpg,0,1,0,5.021035,117.7386,134.0855,1.424796,112.3028,-0.002253352
/Users/riki/workspace/udacity-robot/RoboND-Rover-Project/own_dataset/IMG/robocam_2017_05_26_23_59_59_611.jpg,0,1,0,5.010593,117.5881,134.4575,1.46573,112.2014,-0.001465689
/Users/riki/workspace/udacity-robot/RoboND-Rover-Project/own_dataset/IMG/robocam_2017_05_26_23_59_59_660.jpg,0,1,0,5.009182,117.5128,134.644,1.495646,112.1757,-0.001299726
/Users/riki/workspace/udacity-robot/RoboND-Rover-Project/own_dataset/IMG/robocam_2017_05_26_23_59_59_725.jpg,0,1,0,5.000697,117.4004,134.923,1.490362,112.1218,-0.003803247
/Users/riki/workspace/udacity-robot/RoboND-Rover-Project/own_dataset/IMG/robocam_2017_05_26_23_59_59_793.jpg,0,1,0,4.958998,117.2517,135.2931,1.395387,112.0463,-0.001687664
/Users/riki/workspace/udacity-robot/RoboND-Rover-Project/own_dataset/IMG/robocam_2017_05_26_23_59_59_841.jpg,0,1,0,5.010492,117.1772,135.4789,1.370379,112.0284,-0.001583563
/Users/riki/workspace/udacity-robot/RoboND-Rover-Project/own_dataset/IMG/robocam_2017_05_26_23_59_59_908.jpg,0,1,0,5.017592,117.0284,135.8513,1.352327,112.0195,-0.002765743
/Users/riki/workspace/udacity-robot/RoboND-Rover-Project/own_dataset/IMG/robocam_2017_05_26_23_59_59_978.jpg,0,1,0,4.984397,116.9172,136.1302,1.346503,111.877,-0.001748477
/Users/riki/workspace/udacity-robot/RoboND-Rover-Project/own_dataset/IMG/robocam_2017_05_27_00_00_00_044.jpg,0,1,0,5.008605,116.8059,136.41,1.365252,111.8327,-0.001019135
/Users/riki/workspace/udacity-robot/RoboND-Rover-Project/own_dataset/IMG/robocam_2017_05_27_00_00_00_093.jpg,0,1,0,5.022434,116.6949,136.6902,1.395248,111.7779,-0.001370686
/Users/riki/workspace/udacity-robot/RoboND-Rover-Project/own_dataset/IMG/robocam_2017_05_27_00_00_00_162.jpg,-2.955599,1,0,5.014251,116.5849,136.9711,1.437579,111.568,-0.001002993
/Users/riki/workspace/udacity-robot/RoboND-Rover-Project/own_dataset/IMG/robocam_2017_05_27_00_00_00_211.jpg,-5.435459,1,0,5.00513,116.4772,137.2526,1.47789,111.0517,4.054105E-05
/Users/riki/workspace/udacity-robot/RoboND-Rover-Project/own_dataset/IMG/robocam_2017_05_27_00_00_00_278.jpg,-6.87852,1,0,5.016396,116.3722,137.5355,1.52281,110.2794,-0.001099195
/Users/riki/workspace/udacity-robot/RoboND-Rover-Project/own_dataset/IMG/robocam_2017_05_27_00_00_00_344.jpg,-3.916892,1,0,5.033988,116.2701,137.8164,1.430821,109.5072,-0.00155526
/Users/riki/workspace/udacity-robot/RoboND-Rover-Project/own_dataset/IMG/robocam_2017_05_27_00_00_00_398.jpg,-1.685025,1,0,5.008518,116.1697,138.099,1.37875,109.0565,359.982
/Users/riki/workspace/udacity-robot/RoboND-Rover-Project/own_dataset/IMG/robocam_2017_05_27_00_00_00_461.jpg,0,1,0,5.015855,116.0698,138.3824,1.350805,108.904,359.9528
/Users/riki/workspace/udacity-robot/RoboND-Rover-Project/own_dataset/IMG/robocam_2017_05_27_00_00_00_527.jpg,0,1,0,5.016913,115.9706,138.6659,1.331803,108.8728,359.9232
/Users/riki/workspace/udacity-robot/RoboND-Rover-Project/own_dataset/IMG/robocam_2017_05_27_00_00_00_593.jpg,0,1,0,5.017917,115.8382,139.0449,1.341964,108.9047,359.8987
/Users/riki/workspace/udacity-robot/RoboND-Rover-Project/own_dataset/IMG/robocam_2017_05_27_00_00_00_645.jpg,0,1,0,4.993121,115.7721,139.234,1.345999,108.9437,359.8978
/Users/riki/workspace/udacity-robot/RoboND-Rover-Project/own_dataset/IMG/robocam_2017_05_27_00_00_00_711.jpg,0,1,0,5.007668,115.6392,139.6133,1.389948,109.0099,359.9206
/Users/riki/workspace/udacity-robot/RoboND-Rover-Project/own_dataset/IMG/robocam_2017_05_27_00_00_00_776.jpg,0,1,0,5.024493,115.5392,139.8978,1.434629,109.0694,359.9606
/Users/riki/workspace/udacity-robot/RoboND-Rover-Project/own_dataset/IMG/robocam_2017_05_27_00_00_00_825.jpg,0,1,0,5.01445,115.4725,140.0876,1.472148,109.1032,359.992
/Users/riki/workspace/udacity-robot/RoboND-Rover-Project/own_dataset/IMG/robocam_2017_05_27_00_00_00_893.jpg,0,1,0,5.003954,115.3402,140.4669,1.503772,109.1166,359.9919
/Users/riki/workspace/udacity-robot/RoboND-Rover-Project/own_dataset/IMG/robocam_2017_05_27_00_00_00_944.jpg,0,1,0,5.003779,115.2747,140.6556,1.457221,109.1135,-0.002805393
/Users/riki/workspace/udacity-robot/RoboND-Rover-Project/own_dataset/IMG/robocam_2017_05_27_00_00_01_009.jpg,0,1,0,5.013899,115.1442,141.0341,1.4033,109.1015,-0.002704285
/Users/riki/workspace/udacity-robot/RoboND-Rover-Project/own_dataset/IMG/robocam_2017_05_27_00_00_01_078.jpg,0,1,0,5.007132,115.0466,141.3182,1.382418,109.0774,-0.001936976
/Users/riki/workspace/udacity-robot/RoboND-Rover-Project/own_dataset/IMG/robocam_2017_05_27_00_00_01_128.jpg,0,1,0,5.025917,114.9817,141.5077,1.377981,109.0517,-0.001203342
/Users/riki/workspace/udacity-robot/RoboND-Rover-Project/own_dataset/IMG/robocam_2017_05_27_00_00_01_191.jpg,0,1,0,5.014063,114.8519,141.8878,1.396693,109.0174,-0.001614218
/Users/riki/workspace/udacity-robot/RoboND-Rover-Project/own_dataset/IMG/robocam_2017_05_27_00_00_01_261.jpg,0,1,0,5.005948,114.7549,142.1728,1.41952,108.9764,-0.001108725
/Users/riki/workspace/udacity-robot/RoboND-Rover-Project/own_dataset/IMG/robocam_2017_05_27_00_00_01_313.jpg,0,1,0,5.029403,114.658,142.4581,1.451667,108.9251,-0.001473633
/Users/riki/workspace/udacity-robot/RoboND-Rover-Project/own_dataset/IMG/robocam_2017_05_27_00_00_01_377.jpg,0,1,0,5.013993,114.5612,142.7439,1.494933,108.8953,-0.001690807
/Users/riki/workspace/udacity-robot/RoboND-Rover-Project/own_dataset/IMG/robocam_2017_05_27_00_00_01_444.jpg,0,1,0,5.00652,114.4651,143.0289,1.492268,108.8661,-0.004310724
/Users/riki/workspace/udacity-robot/RoboND-Rover-Project/own_dataset/IMG/robocam_2017_05_27_00_00_01_509.jpg,0,1,0,4.985762,114.3375,143.4075,1.40302,108.8275,-0.001421212
/Users/riki/workspace/udacity-robot/RoboND-Rover-Project/own_dataset/IMG/robocam_2017_05_27_00_00_01_561.jpg,0,1,0,5.01362,114.2738,143.5972,1.37636,108.804,-0.001362549
/Users/riki/workspace/udacity-robot/RoboND-Rover-Project/own_dataset/IMG/robocam_2017_05_27_00_00_01_626.jpg,0,1,0,5.017229,114.1782,143.8819,1.352039,108.767,-0.001216125
/Users/riki/workspace/udacity-robot/RoboND-Rover-Project/own_dataset/IMG/robocam_2017_05_27_00_00_01_693.jpg,0,1,0,4.995543,114.0507,144.2623,1.35196,108.7203,-0.001417645
/Users/riki/workspace/udacity-robot/RoboND-Rover-Project/own_dataset/IMG/robocam_2017_05_27_00_00_01_744.jpg,0,1,0,5.014168,113.9869,144.4527,1.363678,108.6995,-0.001464943
/Users/riki/workspace/udacity-robot/RoboND-Rover-Project/own_dataset/IMG/robocam_2017_05_27_00_00_01_810.jpg,0,1,0,5.021004,113.8596,144.8341,1.406225,108.6657,-0.001921009
/Users/riki/workspace/udacity-robot/RoboND-Rover-Project/own_dataset/IMG/robocam_2017_05_27_00_00_01_877.jpg,0,1,0,4.983243,113.7645,145.1195,1.434762,108.6032,-0.001590972
/Users/riki/workspace/udacity-robot/RoboND-Rover-Project/own_dataset/IMG/robocam_2017_05_27_00_00_01_924.jpg,0,1,0,5.009117,113.7011,145.3104,1.46544,108.5827,-0.001647415
/Users/riki/workspace/udacity-robot/RoboND-Rover-Project/own_dataset/IMG/robocam_2017_05_27_00_00_01_993.jpg,0,1,0,5.019897,113.5745,145.6925,1.533878,108.5519,-0.00230396
/Users/riki/workspace/udacity-robot/RoboND-Rover-Project/own_dataset/IMG/robocam_2017_05_27_00_00_02_059.jpg,0,1,0,5.002276,113.4806,145.9767,1.453566,108.5322,-0.00197504
/Users/riki/workspace/udacity-robot/RoboND-Rover-Project/own_dataset/IMG/robocam_2017_05_27_00_00_02_126.jpg,0,1,0,5.01397,113.3865,146.2617,1.403875,108.496,-0.001319997
/Users/riki/workspace/udacity-robot/RoboND-Rover-Project/own_dataset/IMG/robocam_2017_05_27_00_00_02_195.jpg,0,1,0,5.007589,113.2611,146.642,1.369214,108.4507,-0.001360983
/Users/riki/workspace/udacity-robot/RoboND-Rover-Project/own_dataset/IMG/robocam_2017_05_27_00_00_02_243.jpg,0,1,0,5.003539,113.1985,146.8324,1.363719,108.4317,-0.001458098
/Users/riki/workspace/udacity-robot/RoboND-Rover-Project/own_dataset/IMG/robocam_2017_05_27_00_00_02_311.jpg,0,1,0,5.014148,113.0731,147.2139,1.379959,108.3889,-0.001440454
/Users/riki/workspace/udacity-robot/RoboND-Rover-Project/own_dataset/IMG/robocam_2017_05_27_00_00_02_376.jpg,0,1,0,5.005842,112.9793,147.5,1.401985,108.3528,-0.001279443
/Users/riki/workspace/udacity-robot/RoboND-Rover-Project/own_dataset/IMG/robocam_2017_05_27_00_00_02_446.jpg,0,1,0,4.986208,112.8856,147.7864,1.434355,108.3147,-0.001503593
/Users/riki/workspace/udacity-robot/RoboND-Rover-Project/own_dataset/IMG/robocam_2017_05_27_00_00_02_510.jpg,0,1,0,5.009169,112.7608,148.1687,1.49105,108.2674,-0.001399702
/Users/riki/workspace/udacity-robot/RoboND-Rover-Project/own_dataset/IMG/robocam_2017_05_27_00_00_02_577.jpg,0,1,0,5.019696,112.6678,148.4547,1.485671,108.222,-0.003984807
/Users/riki/workspace/udacity-robot/RoboND-Rover-Project/own_dataset/IMG/robocam_2017_05_27_00_00_02_643.jpg,0,1,0,5.038658,112.5754,148.739,1.407952,108.1708,-0.001371468
/Users/riki/workspace/udacity-robot/RoboND-Rover-Project/own_dataset/IMG/robocam_2017_05_27_00_00_02_710.jpg,0,1,0,5.010567,112.4522,149.1198,1.356685,108.1223,-0.001190267
/Users/riki/workspace/udacity-robot/RoboND-Rover-Project/own_dataset/IMG/robocam_2017_05_27_00_00_02_777.jpg,0,1,0,5.017201,112.3597,149.4062,1.34898,108.1183,-0.00225456
/Users/riki/workspace/udacity-robot/RoboND-Rover-Project/own_dataset/IMG/robocam_2017_05_27_00_00_02_843.jpg,0,1,0,5.013978,112.2676,149.6922,1.345736,108.0172,-0.001595876
/Users/riki/workspace/udacity-robot/RoboND-Rover-Project/own_dataset/IMG/robocam_2017_05_27_00_00_02_910.jpg,0,1,0,5.01647,112.1447,150.0748,1.378891,107.9866,-0.001947581
/Users/riki/workspace/udacity-robot/RoboND-Rover-Project/own_dataset/IMG/robocam_2017_05_27_00_00_02_976.jpg,0,1,0,4.99715,112.0529,150.3617,1.409503,107.9215,-0.001568683
/Users/riki/workspace/udacity-robot/RoboND-Rover-Project/own_dataset/IMG/robocam_2017_05_27_00_00_03_044.jpg,0,1,0,5.016546,111.9612,150.649,1.45108,107.8834,-0.001314993
/Users/riki/workspace/udacity-robot/RoboND-Rover-Project/own_dataset/IMG/robocam_2017_05_27_00_00_03_111.jpg,0,1,0,4.998573,111.8394,151.032,1.510261,107.8086,-9.605622E-05
/Users/riki/workspace/udacity-robot/RoboND-Rover-Project/own_dataset/IMG/robocam_2017_05_27_00_00_03_176.jpg,0,1,0,5.010786,111.7485,151.3187,1.48179,107.7691,-0.002207449
/Users/riki/workspace/udacity-robot/RoboND-Rover-Project/own_dataset/IMG/robocam_2017_05_27_00_00_03_243.jpg,0,1,0,4.975626,111.6584,151.6038,1.413451,107.7285,-0.001553247
/Users/riki/workspace/udacity-robot/RoboND-Rover-Project/own_dataset/IMG/robocam_2017_05_27_00_00_03_311.jpg,0,1,0,5.014094,111.538,151.9859,1.377702,107.6867,-0.001556159
/Users/riki/workspace/udacity-robot/RoboND-Rover-Project/own_dataset/IMG/robocam_2017_05_27_00_00_03_356.jpg,0,1,0,5.004363,111.4778,152.1772,1.374228,107.6718,-0.001832098
/Users/riki/workspace/udacity-robot/RoboND-Rover-Project/own_dataset/IMG/robocam_2017_05_27_00_00_03_406.jpg,0,1,0,5.015631,111.4179,152.3683,1.369526,107.6185,-0.001305966
/Users/riki/workspace/udacity-robot/RoboND-Rover-Project/own_dataset/IMG/robocam_2017_05_27_00_00_03_460.jpg,0,1,0,5.014139,111.3278,152.6557,1.387054,107.5887,-0.001544262
/Users/riki/workspace/udacity-robot/RoboND-Rover-Project/own_dataset/IMG/robocam_2017_05_27_00_00_03_527.jpg,0,1,0,5.020969,111.2379,152.9431,1.410665,107.5427,-0.0009788012
/Users/riki/workspace/udacity-robot/RoboND-Rover-Project/own_dataset/IMG/robocam_2017_05_27_00_00_03_593.jpg,0,1,0,4.982038,111.1184,153.3267,1.457928,107.4755,-0.001687056
/Users/riki/workspace/udacity-robot/RoboND-Rover-Project/own_dataset/IMG/robocam_2017_05_27_00_00_03_660.jpg,0,1,0,5.009203,111.0289,153.6148,1.500957,107.4348,-0.001307883
/Users/riki/workspace/udacity-robot/RoboND-Rover-Project/own_dataset/IMG/robocam_2017_05_27_00_00_03_725.jpg,0,1,0,5.005283,110.94,153.902,1.468302,107.4049,-0.001674133
/Users/riki/workspace/udacity-robot/RoboND-Rover-Project/own_dataset/IMG/robocam_2017_05_27_00_00_03_775.jpg,0,1,0,5.012372,110.8517,154.1879,1.400626,107.3916,-0.001402836
/Users/riki/workspace/udacity-robot/RoboND-Rover-Project/own_dataset/IMG/robocam_2017_05_27_00_00_03_824.jpg,0,1,0,5.014546,110.7927,154.3792,1.375312,107.3681,-0.001357344
/Users/riki/workspace/udacity-robot/RoboND-Rover-Project/own_dataset/IMG/robocam_2017_05_27_00_00_03_876.jpg,0,1,0,5.007967,110.7042,154.6662,1.352604,107.3319,-0.001238917
/Users/riki/workspace/udacity-robot/RoboND-Rover-Project/own_dataset/IMG/robocam_2017_05_27_00_00_03_943.jpg,0,1,0,5.023643,110.6158,154.9537,1.349816,107.2969,-0.001367538
/Users/riki/workspace/udacity-robot/RoboND-Rover-Project/own_dataset/IMG/robocam_2017_05_27_00_00_03_990.jpg,0,1,0,5.008788,110.5274,155.2417,1.366642,107.2658,-0.001463064
/Users/riki/workspace/udacity-robot/RoboND-Rover-Project/own_dataset/IMG/robocam_2017_05_27_00_00_04_041.jpg,0,1,0,5.005592,110.4685,155.4339,1.385305,107.2464,-0.001591272
/Users/riki/workspace/udacity-robot/RoboND-Rover-Project/own_dataset/IMG/robocam_2017_05_27_00_00_04_093.jpg,0,1,0,4.998978,110.3804,155.7216,1.410669,107.1931,-0.0006870558
/Users/riki/workspace/udacity-robot/RoboND-Rover-Project/own_dataset/IMG/robocam_2017_05_27_00_00_04_160.jpg,0,1,0,5.01112,110.2924,156.01,1.453097,107.1583,-0.001443755
/Users/riki/workspace/udacity-robot/RoboND-Rover-Project/own_dataset/IMG/robocam_2017_05_27_00_00_04_207.jpg,0,1,0,5.00636,110.2338,156.2024,1.483737,107.1338,-0.001357315
/Users/riki/workspace/udacity-robot/RoboND-Rover-Project/own_dataset/IMG/robocam_2017_05_27_00_00_04_256.jpg,0,1,0,5.000703,110.146,156.4915,1.538637,107.1191,-0.002265985
/Users/riki/workspace/udacity-robot/RoboND-Rover-Project/own_dataset/IMG/robocam_2017_05_27_00_00_04_307.jpg,0,1,0,5.002291,110.0881,156.6827,1.486616,107.0836,-0.001578251
/Users/riki/workspace/udacity-robot/RoboND-Rover-Project/own_dataset/IMG/robocam_2017_05_27_00_00_04_357.jpg,0,1,0,5.016077,110.0013,156.9695,1.422627,107.0734,-0.00140832
/Users/riki/workspace/udacity-robot/RoboND-Rover-Project/own_dataset/IMG/robocam_2017_05_27_00_00_04_407.jpg,0,1,0,5.014897,109.9434,157.161,1.396088,107.0491,-0.001342611
/Users/riki/workspace/udacity-robot/RoboND-Rover-Project/own_dataset/IMG/robocam_2017_05_27_00_00_04_462.jpg,0,1,0,5.007636,109.8566,157.4485,1.371177,107.0151,-0.001334243
/Users/riki/workspace/udacity-robot/RoboND-Rover-Project/own_dataset/IMG/robocam_2017_05_27_00_00_04_507.jpg,0,1,0,4.99543,109.7987,157.6404,1.365191,106.9952,-0.001402294
/Users/riki/workspace/udacity-robot/RoboND-Rover-Project/own_dataset/IMG/robocam_2017_05_27_00_00_04_557.jpg,0,1,0,5.014151,109.7119,157.9287,1.372903,106.962,-0.001346721
/Users/riki/workspace/udacity-robot/RoboND-Rover-Project/own_dataset/IMG/robocam_2017_05_27_00_00_04_627.jpg,0,1,0,5.005845,109.6251,158.2174,1.397323,106.9315,-0.00153338
/Users/riki/workspace/udacity-robot/RoboND-Rover-Project/own_dataset/IMG/robocam_2017_05_27_00_00_04_694.jpg,0,1,0,5.029222,109.5098,158.6019,1.433796,106.8764,-0.001496333
/Users/riki/workspace/udacity-robot/RoboND-Rover-Project/own_dataset/IMG/robocam_2017_05_27_00_00_04_740.jpg,0,1,0,5.013995,109.4522,158.7945,1.460957,106.8532,-0.00145972
/Users/riki/workspace/udacity-robot/RoboND-Rover-Project/own_dataset/IMG/robocam_2017_05_27_00_00_04_791.jpg,0,1,0,5.00646,109.3659,159.0838,1.508718,106.8247,-0.001741128
/Users/riki/workspace/udacity-robot/RoboND-Rover-Project/own_dataset/IMG/robocam_2017_05_27_00_00_04_858.jpg,0,1,0,5.000996,109.2801,159.3718,1.470675,106.7802,-0.002325205
/Users/riki/workspace/udacity-robot/RoboND-Rover-Project/own_dataset/IMG/robocam_2017_05_27_00_00_04_906.jpg,0,1,0,5.005203,109.2236,159.562,1.406595,106.7311,-0.001381355
/Users/riki/workspace/udacity-robot/RoboND-Rover-Project/own_dataset/IMG/robocam_2017_05_27_00_00_04_956.jpg,0,1,0,5.010554,109.1384,159.8498,1.365621,106.7011,-0.001496303
/Users/riki/workspace/udacity-robot/RoboND-Rover-Project/own_dataset/IMG/robocam_2017_05_27_00_00_05_010.jpg,0,1,0,5.008456,109.0532,160.1379,1.343689,106.6518,-0.000821356
/Users/riki/workspace/udacity-robot/RoboND-Rover-Project/own_dataset/IMG/robocam_2017_05_27_00_00_05_054.jpg,0,1,0,5.025648,108.9965,160.33,1.337383,106.5964,0.0003665688
/Users/riki/workspace/udacity-robot/RoboND-Rover-Project/own_dataset/IMG/robocam_2017_05_27_00_00_05_108.jpg,0,1,0,5.014128,108.9115,160.6188,1.348913,106.5609,-0.00134931
/Users/riki/workspace/udacity-robot/RoboND-Rover-Project/own_dataset/IMG/robocam_2017_05_27_00_00_05_174.jpg,0,1,0,5.016486,108.8267,160.9081,1.37796,106.5461,-0.001965889
/Users/riki/workspace/udacity-robot/RoboND-Rover-Project/own_dataset/IMG/robocam_2017_05_27_00_00_05_222.jpg,0,1,0,4.997054,108.7703,161.1007,1.394635,106.4892,-0.001381441
/Users/riki/workspace/udacity-robot/RoboND-Rover-Project/own_dataset/IMG/robocam_2017_05_27_00_00_05_275.jpg,0,1,0,5.008626,108.6857,161.3904,1.437886,106.46,-0.001633463
/Users/riki/workspace/udacity-robot/RoboND-Rover-Project/own_dataset/IMG/robocam_2017_05_27_00_00_05_342.jpg,0,1,0,5.021301,108.6015,161.6798,1.48082,106.4128,-0.001027433
/Users/riki/workspace/udacity-robot/RoboND-Rover-Project/own_dataset/IMG/robocam_2017_05_27_00_00_05_390.jpg,0,1,0,4.982221,108.5175,161.9693,1.527498,106.3535,-0.001520804
/Users/riki/workspace/udacity-robot/RoboND-Rover-Project/own_dataset/IMG/robocam_2017_05_27_00_00_05_441.jpg,0,1,0,5.00895,108.4618,162.1616,1.481488,106.327,-0.002210879
/Users/riki/workspace/udacity-robot/RoboND-Rover-Project/own_dataset/IMG/robocam_2017_05_27_00_00_05_511.jpg,0,1,0,5.009015,108.3512,162.545,1.399948,106.2735,-0.001383113
/Users/riki/workspace/udacity-robot/RoboND-Rover-Project/own_dataset/IMG/robocam_2017_05_27_00_00_05_558.jpg,0,1,0,5.014098,108.2959,162.7374,1.38129,106.2493,-0.001273547
/Users/riki/workspace/udacity-robot/RoboND-Rover-Project/own_dataset/IMG/robocam_2017_05_27_00_00_05_608.jpg,0,1,0,5.004353,108.2129,163.0267,1.374402,106.2297,-0.001821756
/Users/riki/workspace/udacity-robot/RoboND-Rover-Project/own_dataset/IMG/robocam_2017_05_27_00_00_05_658.jpg,0,1,0,4.994584,108.1577,163.2191,1.369766,106.1765,-0.001307247
/Users/riki/workspace/udacity-robot/RoboND-Rover-Project/own_dataset/IMG/robocam_2017_05_27_00_00_05_707.jpg,0,1,0,5.008834,108.1025,163.4121,1.378681,106.1533,-0.001362897
/Users/riki/workspace/udacity-robot/RoboND-Rover-Project/own_dataset/IMG/robocam_2017_05_27_00_00_05_774.jpg,0,1,0,5.00561,107.9923,163.7984,1.411051,106.1007,-0.0009802158
/Users/riki/workspace/udacity-robot/RoboND-Rover-Project/own_dataset/IMG/robocam_2017_05_27_00_00_05_824.jpg,0,1,0,5.030145,107.9374,163.9914,1.430214,106.0549,-6.654837E-05
/Users/riki/workspace/udacity-robot/RoboND-Rover-Project/own_dataset/IMG/robocam_2017_05_27_00_00_05_878.jpg,0,1,0,5.010736,107.855,164.2815,1.47173,106.0187,-0.001467801
/Users/riki/workspace/udacity-robot/RoboND-Rover-Project/own_dataset/IMG/robocam_2017_05_27_00_00_05_923.jpg,0,1,0,5.006474,107.8003,164.475,1.501408,105.9929,-0.001297354
/Users/riki/workspace/udacity-robot/RoboND-Rover-Project/own_dataset/IMG/robocam_2017_05_27_00_00_05_976.jpg,0,1,0,5.019731,107.7186,164.7644,1.468711,105.963,-0.001682874
/Users/riki/workspace/udacity-robot/RoboND-Rover-Project/own_dataset/IMG/robocam_2017_05_27_00_00_06_024.jpg,0,0.79945,0,4.986606,107.6646,164.956,1.414739,105.9616,-0.001314371
/Users/riki/workspace/udacity-robot/RoboND-Rover-Project/own_dataset/IMG/robocam_2017_05_27_00_00_06_079.jpg,0,0.702064,0,5.009865,107.5836,165.2444,1.348621,105.9258,-0.001270674
/Users/riki/workspace/udacity-robot/RoboND-Rover-Project/own_dataset/IMG/robocam_2017_05_27_00_00_06_124.jpg,0,0.501127,0,5.002797,107.5296,165.4364,1.299863,105.9029,-0.001214152
/Users/riki/workspace/udacity-robot/RoboND-Rover-Project/own_dataset/IMG/robocam_2017_05_27_00_00_06_175.jpg,0,0.4036539,0,4.997288,107.449,165.7238,1.205147,105.8709,-0.001128178
/Users/riki/workspace/udacity-robot/RoboND-Rover-Project/own_dataset/IMG/robocam_2017_05_27_00_00_06_225.jpg,0,0.2006409,0,5.001048,107.3954,165.9151,1.126545,105.8503,-0.0009961327
/Users/riki/workspace/udacity-robot/RoboND-Rover-Project/own_dataset/IMG/robocam_2017_05_27_00_00_06_277.jpg,0,0.09873092,0,4.995163,107.3153,166.2012,0.9783947,105.8221,-0.0008521103
/Users/riki/workspace/udacity-robot/RoboND-Rover-Project/own_dataset/IMG/robocam_2017_05_27_00_00_06_323.jpg,0,0,0,4.977987,107.2622,166.391,0.8568788,105.8045,-0.0007061898
/Users/riki/workspace/udacity-robot/RoboND-Rover-Project/own_dataset/IMG/robocam_2017_05_27_00_00_06_374.jpg,0,0,0,4.967311,107.1829,166.6745,0.6450967,105.7805,-0.0003506831
/Users/riki/workspace/udacity-robot/RoboND-Rover-Project/own_dataset/IMG/robocam_2017_05_27_00_00_06_423.jpg,0,0,0,4.956623,107.1303,166.8628,0.4895783,105.7661,-1.58154E-05
/Users/riki/workspace/udacity-robot/RoboND-Rover-Project/own_dataset/IMG/robocam_2017_05_27_00_00_06_472.jpg,0,0,0,4.940656,107.0516,167.1441,0.2431484,105.7489,0.003368574
/Users/riki/workspace/udacity-robot/RoboND-Rover-Project/own_dataset/IMG/robocam_2017_05_27_00_00_06_526.jpg,0,0,0,4.930018,106.9992,167.3311,0.07435961,105.7406,0.009306275
/Users/riki/workspace/udacity-robot/RoboND-Rover-Project/own_dataset/IMG/robocam_2017_05_27_00_00_06_576.jpg,0,0,0,4.919254,106.9209,167.6113,359.8514,105.7238,0.00096664
/Users/riki/workspace/udacity-robot/RoboND-Rover-Project/own_dataset/IMG/robocam_2017_05_27_00_00_06_623.jpg,0,0,0,4.896579,106.8684,167.7979,359.7316,105.718,0.001222907
/Users/riki/workspace/udacity-robot/RoboND-Rover-Project/own_dataset/IMG/robocam_2017_05_27_00_00_06_677.jpg,0,0,0,4.890784,106.7899,168.0774,359.5712,105.7117,0.0002674254
/Users/riki/workspace/udacity-robot/RoboND-Rover-Project/own_dataset/IMG/robocam_2017_05_27_00_00_06_724.jpg,0,0,0,4.873509,106.7377,168.2635,359.4865,105.7084,-0.001933428
/Users/riki/workspace/udacity-robot/RoboND-Rover-Project/own_dataset/IMG/robocam_2017_05_27_00_00_06_775.jpg,0,0,0,4.862057,106.6594,168.5419,359.3555,105.7063,-0.002151592
/Users/riki/workspace/udacity-robot/RoboND-Rover-Project/own_dataset/IMG/robocam_2017_05_27_00_00_06_824.jpg,0,0,0.09515995,4.844792,106.6073,168.7273,359.2998,105.7057,-0.001850673
/Users/riki/workspace/udacity-robot/RoboND-Rover-Project/own_dataset/IMG/robocam_2017_05_27_00_00_06_876.jpg,0,0,0.199158,4.821897,106.5299,169.0025,359.1653,105.7057,-0.0002882325
/Users/riki/workspace/udacity-robot/RoboND-Rover-Project/own_dataset/IMG/robocam_2017_05_27_00_00_06_923.jpg,0,0,0.401499,4.735265,106.4791,169.1835,359.0493,105.704,-0.003394298
/Users/riki/workspace/udacity-robot/RoboND-Rover-Project/own_dataset/IMG/robocam_2017_05_27_00_00_06_975.jpg,0,0,0.4966441,4.704198,106.4045,169.4488,358.7894,105.7034,-0.003353331
/Users/riki/workspace/udacity-robot/RoboND-Rover-Project/own_dataset/IMG/robocam_2017_05_27_00_00_07_022.jpg,0,0,0.699984,4.563762,106.3557,169.6226,358.6425,105.7025,-0.005031086
/Users/riki/workspace/udacity-robot/RoboND-Rover-Project/own_dataset/IMG/robocam_2017_05_27_00_00_07_093.jpg,0,0,0,4.542005,106.2566,169.9747,358.7891,105.7095,8.402209E-05
/Users/riki/workspace/udacity-robot/RoboND-Rover-Project/own_dataset/IMG/robocam_2017_05_27_00_00_07_141.jpg,0,0,0,4.478001,106.2074,170.1503,358.981,105.7097,-0.004738246
/Users/riki/workspace/udacity-robot/RoboND-Rover-Project/own_dataset/IMG/robocam_2017_05_27_00_00_07_192.jpg,0,0,0,4.46577,106.1337,170.4125,359.2494,105.7115,-0.002629301
/Users/riki/workspace/udacity-robot/RoboND-Rover-Project/own_dataset/IMG/robocam_2017_05_27_00_00_07_239.jpg,0,0,0,4.450899,106.0848,170.5865,359.4064,105.712,-0.0009016066
/Users/riki/workspace/udacity-robot/RoboND-Rover-Project/own_dataset/IMG/robocam_2017_05_27_00_00_07_293.jpg,0,0,0,4.441023,106.0117,170.8461,359.607,105.7124,0.001683037
/Users/riki/workspace/udacity-robot/RoboND-Rover-Project/own_dataset/IMG/robocam_2017_05_27_00_00_07_340.jpg,0,0,0.1943071,4.420796,105.9635,171.0175,359.7007,105.7125,0.003303222
/Users/riki/workspace/udacity-robot/RoboND-Rover-Project/own_dataset/IMG/robocam_2017_05_27_00_00_07_409.jpg,0,0,0.3400501,4.361759,105.8693,171.3523,359.6965,105.7126,0.006181621
/Users/riki/workspace/udacity-robot/RoboND-Rover-Project/own_dataset/IMG/robocam_2017_05_27_00_00_07_458.jpg,0,0,0.5438671,4.27491,105.8238,171.514,359.5697,105.7127,0.007418052
/Users/riki/workspace/udacity-robot/RoboND-Rover-Project/own_dataset/IMG/robocam_2017_05_27_00_00_07_509.jpg,0,0,0.642783,4.192423,105.7583,171.7477,359.2256,105.7076,-0.003030432
/Users/riki/workspace/udacity-robot/RoboND-Rover-Project/own_dataset/IMG/robocam_2017_05_27_00_00_07_556.jpg,0,0,0,4.076714,105.7154,171.9004,358.9756,105.7067,-0.004714692
/Users/riki/workspace/udacity-robot/RoboND-Rover-Project/own_dataset/IMG/robocam_2017_05_27_00_00_07_608.jpg,0,0,0,4.066048,105.6507,172.1307,358.7236,105.7086,-0.003681852
/Users/riki/workspace/udacity-robot/RoboND-Rover-Project/own_dataset/IMG/robocam_2017_05_27_00_00_07_674.jpg,0,0,0,4.049581,105.5851,172.3645,358.7415,105.6968,359.9922
/Users/riki/workspace/udacity-robot/RoboND-Rover-Project/own_dataset/IMG/robocam_2017_05_27_00_00_07_725.jpg,0,0,0,4.027915,105.5408,172.5213,358.8552,105.7098,0.01250171
/Users/riki/workspace/udacity-robot/RoboND-Rover-Project/own_dataset/IMG/robocam_2017_05_27_00_00_07_792.jpg,0,0,0,4.007591,105.453,172.8355,359.1939,105.6996,359.9852
/Users/riki/workspace/udacity-robot/RoboND-Rover-Project/own_dataset/IMG/robocam_2017_05_27_00_00_07_842.jpg,0,0,0,3.997898,105.4091,172.9917,359.3421,105.699,359.9803
/Users/riki/workspace/udacity-robot/RoboND-Rover-Project/own_dataset/IMG/robocam_2017_05_27_00_00_07_889.jpg,0,0,0,3.980058,105.3436,173.2249,359.5354,105.6988,359.9749
/Users/riki/workspace/udacity-robot/RoboND-Rover-Project/own_dataset/IMG/robocam_2017_05_27_00_00_07_943.jpg,0,0,0,3.975632,105.3001,173.3795,359.6441,105.6988,359.972
/Users/riki/workspace/udacity-robot/RoboND-Rover-Project/own_dataset/IMG/robocam_2017_05_27_00_00_07_990.jpg,0,0.09879595,0,3.958508,105.2352,173.6104,359.778,105.6988,359.9685
/Users/riki/workspace/udacity-robot/RoboND-Rover-Project/own_dataset/IMG/robocam_2017_05_27_00_00_08_059.jpg,0,0.242508,0,3.953576,105.1705,173.8406,359.8908,105.6988,359.966
/Users/riki/workspace/udacity-robot/RoboND-Rover-Project/own_dataset/IMG/robocam_2017_05_27_00_00_08_106.jpg,0,0.4489321,0,3.95497,105.1273,173.9941,359.9619,105.6988,359.9649
/Users/riki/workspace/udacity-robot/RoboND-Rover-Project/own_dataset/IMG/robocam_2017_05_27_00_00_08_159.jpg,0,0.543324,0,3.958054,105.0624,174.2249,0.07605761,105.6989,359.9639
/Users/riki/workspace/udacity-robot/RoboND-Rover-Project/own_dataset/IMG/robocam_2017_05_27_00_00_08_206.jpg,0,0.7459409,0,3.979217,105.019,174.3794,0.1622115,105.6989,359.9637
/Users/riki/workspace/udacity-robot/RoboND-Rover-Project/own_dataset/IMG/robocam_2017_05_27_00_00_08_275.jpg,0,0.901032,0,3.996407,104.9313,174.6912,0.3775343,105.699,359.9642
/Users/riki/workspace/udacity-robot/RoboND-Rover-Project/own_dataset/IMG/robocam_2017_05_27_00_00_08_323.jpg,0,1,0,4.02825,104.8869,174.8486,0.5011833,105.7037,359.9752
/Users/riki/workspace/udacity-robot/RoboND-Rover-Project/own_dataset/IMG/robocam_2017_05_27_00_00_08_378.jpg,0,1,0,4.052422,104.8196,175.0867,0.702073,105.7147,-0.00174429
/Users/riki/workspace/udacity-robot/RoboND-Rover-Project/own_dataset/IMG/robocam_2017_05_27_00_00_08_442.jpg,0,1,0,4.089006,104.752,175.3271,0.9125044,105.7136,-0.001742586
/Users/riki/workspace/udacity-robot/RoboND-Rover-Project/own_dataset/IMG/robocam_2017_05_27_00_00_08_510.jpg,0,1,0,4.13773,104.6612,175.6511,1.191532,105.7051,-0.001777754
/Users/riki/workspace/udacity-robot/RoboND-Rover-Project/own_dataset/IMG/robocam_2017_05_27_00_00_08_558.jpg,0,1,0,4.17439,104.6156,175.8145,1.325616,105.6971,-0.001794472
/Users/riki/workspace/udacity-robot/RoboND-Rover-Project/own_dataset/IMG/robocam_2017_05_27_00_00_08_626.jpg,0,1,0,4.21111,104.547,176.0609,1.498946,105.6789,-0.002622796
/Users/riki/workspace/udacity-robot/RoboND-Rover-Project/own_dataset/IMG/robocam_2017_05_27_00_00_08_676.jpg,0,1,0,4.251919,104.4788,176.307,1.502121,105.6477,-0.002685561
/Users/riki/workspace/udacity-robot/RoboND-Rover-Project/own_dataset/IMG/robocam_2017_05_27_00_00_08_742.jpg,0,1,0,4.292045,104.4105,176.5544,1.443861,105.6193,-0.001287512
/Users/riki/workspace/udacity-robot/RoboND-Rover-Project/own_dataset/IMG/robocam_2017_05_27_00_00_08_792.jpg,0,1,0,4.328182,104.3417,176.8043,1.407493,105.5903,-0.001233715
/Users/riki/workspace/udacity-robot/RoboND-Rover-Project/own_dataset/IMG/robocam_2017_05_27_00_00_08_837.jpg,0,1,0,4.352177,104.2956,176.9723,1.394959,105.571,-0.001228531
/Users/riki/workspace/udacity-robot/RoboND-Rover-Project/own_dataset/IMG/robocam_2017_05_27_00_00_08_891.jpg,0,1,0,4.388074,104.2259,177.2263,1.391531,105.542,-0.001240259
/Users/riki/workspace/udacity-robot/RoboND-Rover-Project/own_dataset/IMG/robocam_2017_05_27_00_00_08_940.jpg,0,1,0,4.411949,104.1792,177.397,1.398167,105.5227,-0.001250924
/Users/riki/workspace/udacity-robot/RoboND-Rover-Project/own_dataset/IMG/robocam_2017_05_27_00_00_08_994.jpg,0,1,0,4.435782,104.1087,177.6549,1.41925,105.4935,-0.001276436
/Users/riki/workspace/udacity-robot/RoboND-Rover-Project/own_dataset/IMG/robocam_2017_05_27_00_00_09_057.jpg,-2.972429,1,0,4.471422,104.0387,177.9154,1.449915,105.2818,-0.0005409188
/Users/riki/workspace/udacity-robot/RoboND-Rover-Project/own_dataset/IMG/robocam_2017_05_27_00_00_09_107.jpg,-5.827273,1,0,4.50673,103.993,178.0905,1.473129,104.9634,-1.550645E-05
/Users/riki/workspace/udacity-robot/RoboND-Rover-Project/own_dataset/IMG/robocam_2017_05_27_00_00_09_156.jpg,-8.317259,1,0,4.540511,103.9266,178.3552,1.488523,104.1733,0.0005126373
/Users/riki/workspace/udacity-robot/RoboND-Rover-Project/own_dataset/IMG/robocam_2017_05_27_00_00_09_208.jpg,-10.52505,1,0,4.575425,103.8645,178.6223,1.466145,103.0113,359.9746
/Users/riki/workspace/udacity-robot/RoboND-Rover-Project/own_dataset/IMG/robocam_2017_05_27_00_00_09_256.jpg,-12.76065,0.945304,0,4.597033,103.8267,178.8016,1.408668,101.9849,359.92
/Users/riki/workspace/udacity-robot/RoboND-Rover-Project/own_dataset/IMG/robocam_2017_05_27_00_00_09_310.jpg,-14.21001,0.84868,0,4.616813,103.7766,179.0714,1.229686,100.0954,359.7745
/Users/riki/workspace/udacity-robot/RoboND-Rover-Project/own_dataset/IMG/robocam_2017_05_27_00_00_09_375.jpg,-15,0.645889,0,4.639618,103.7358,179.3418,0.9376794,97.9563,359.541
/Users/riki/workspace/udacity-robot/RoboND-Rover-Project/own_dataset/IMG/robocam_2017_05_27_00_00_09_422.jpg,-15,0.4451981,0,4.651381,103.7141,179.5218,0.6799738,96.48282,359.3356
/Users/riki/workspace/udacity-robot/RoboND-Rover-Project/own_dataset/IMG/robocam_2017_05_27_00_00_09_472.jpg,-13.48382,0.2987801,0,4.652247,103.6896,179.7909,0.2045783,94.3205,358.9561
/Users/riki/workspace/udacity-robot/RoboND-Rover-Project/own_dataset/IMG/robocam_2017_05_27_00_00_09_540.jpg,-11.36085,0.157249,0,4.648503,103.6718,180.0605,359.7629,92.44693,358.6087
/Users/riki/workspace/udacity-robot/RoboND-Rover-Project/own_dataset/IMG/robocam_2017_05_27_00_00_09_589.jpg,-8.247796,0,0,4.630727,103.6551,180.3342,359.5956,90.92184,358.5864
/Users/riki/workspace/udacity-robot/RoboND-Rover-Project/own_dataset/IMG/robocam_2017_05_27_00_00_09_640.jpg,-5.985377,0,0,4.618215,103.6464,180.5179,359.57,90.06689,358.6749
/Users/riki/workspace/udacity-robot/RoboND-Rover-Project/own_dataset/IMG/robocam_2017_05_27_00_00_09_689.jpg,-3.729841,0,0,4.590106,103.6387,180.7944,359.6418,89.20929,358.904
/Users/riki/workspace/udacity-robot/RoboND-Rover-Project/own_dataset/IMG/robocam_2017_05_27_00_00_09_759.jpg,-1.514805,0,0,4.577978,103.6377,181.0723,359.8583,88.91212,359.1788
/Users/riki/workspace/udacity-robot/RoboND-Rover-Project/own_dataset/IMG/robocam_2017_05_27_00_00_09_823.jpg,0,0,0,4.545251,103.6417,181.3478,0.0207803,88.82464,359.3526
/Users/riki/workspace/udacity-robot/RoboND-Rover-Project/own_dataset/IMG/robocam_2017_05_27_00_00_09_873.jpg,0,0,0,4.530512,103.6469,181.6214,0.1258976,88.79499,359.4997
/Users/riki/workspace/udacity-robot/RoboND-Rover-Project/own_dataset/IMG/robocam_2017_05_27_00_00_09_925.jpg,0,0,0,4.520737,103.6506,181.8028,0.1679329,88.78738,359.5911
/Users/riki/workspace/udacity-robot/RoboND-Rover-Project/own_dataset/IMG/robocam_2017_05_27_00_00_09_973.jpg,0,0,0,4.505944,103.6564,182.0735,0.1948204,88.78245,359.7198
/Users/riki/workspace/udacity-robot/RoboND-Rover-Project/own_dataset/IMG/robocam_2017_05_27_00_00_10_024.jpg,0,0,0,4.496092,103.6603,182.2532,0.1897496,88.7813,359.8013
/Users/riki/workspace/udacity-robot/RoboND-Rover-Project/own_dataset/IMG/robocam_2017_05_27_00_00_10_076.jpg,0,0,0,4.48624,103.6662,182.5213,0.1515306,88.78082,359.9167
/Users/riki/workspace/udacity-robot/RoboND-Rover-Project/own_dataset/IMG/robocam_2017_05_27_00_00_10_141.jpg,0,0,0,4.471461,103.6721,182.788,0.0816193,88.78092,0.02264243
/Users/riki/workspace/udacity-robot/RoboND-Rover-Project/own_dataset/IMG/robocam_2017_05_27_00_00_10_189.jpg,0,0,0,4.451742,103.678,183.0534,359.986,88.78118,0.1182051
/Users/riki/workspace/udacity-robot/RoboND-Rover-Project/own_dataset/IMG/robocam_2017_05_27_00_00_10_240.jpg,0,0,0,4.441871,103.6821,183.2297,359.9192,88.77685,0.1653737
/Users/riki/workspace/udacity-robot/RoboND-Rover-Project/own_dataset/IMG/robocam_2017_05_27_00_00_10_291.jpg,0,0,0,4.426709,103.6884,183.4936,359.8261,88.76482,0.2091117
/Users/riki/workspace/udacity-robot/RoboND-Rover-Project/own_dataset/IMG/robocam_2017_05_27_00_00_10_340.jpg,0,0,0,4.416498,103.6927,183.6691,359.7707,88.75454,0.2212373
/Users/riki/workspace/udacity-robot/RoboND-Rover-Project/own_dataset/IMG/robocam_2017_05_27_00_00_10_390.jpg,0,0,0,4.401294,103.699,183.9317,359.6903,88.7409,0.2251458
/Users/riki/workspace/udacity-robot/RoboND-Rover-Project/own_dataset/IMG/robocam_2017_05_27_00_00_10_430.jpg,0,0,0,4.391144,103.703,184.1062,359.6333,88.73607,0.2259613
/Users/riki/workspace/udacity-robot/RoboND-Rover-Project/own_dataset/IMG/robocam_2017_05_27_00_00_10_490.jpg,0,0,0,4.381055,103.7093,184.3676,359.567,88.72181,0.1966924
/Users/riki/workspace/udacity-robot/RoboND-Rover-Project/own_dataset/IMG/robocam_2017_05_27_00_00_10_543.jpg,0,0,0,4.365959,103.713,184.5405,359.4903,88.6777,0.2004238
/Users/riki/workspace/udacity-robot/RoboND-Rover-Project/own_dataset/IMG/robocam_2017_05_27_00_00_10_589.jpg,0,0,0.146709,4.327141,103.7155,184.7946,359.1796,88.68832,0.3735965
/Users/riki/workspace/udacity-robot/RoboND-Rover-Project/own_dataset/IMG/robocam_2017_05_27_00_00_10_639.jpg,0,0,0.292599,4.292353,103.717,184.9616,358.9328,88.78916,0.4998724
/Users/riki/workspace/udacity-robot/RoboND-Rover-Project/own_dataset/IMG/robocam_2017_05_27_00_00_10_693.jpg,0,0,0.394872,4.248684,103.7185,185.2081,358.5293,88.9772,0.7614235
/Users/riki/workspace/udacity-robot/RoboND-Rover-Project/own_dataset/IMG/robocam_2017_05_27_00_00_10_759.jpg,0,0,0.5963609,4.130051,103.7209,185.4513,358.3946,89.12285,0.9736895
/Users/riki/workspace/udacity-robot/RoboND-Rover-Project/own_dataset/IMG/robocam_2017_05_27_00_00_10_807.jpg,0,0,0.7916729,4.040373,103.7213,185.611,358.326,89.19039,1.171005
/Users/riki/workspace/udacity-robot/RoboND-Rover-Project/own_dataset/IMG/robocam_2017_05_27_00_00_10_853.jpg,0,0,0.9420691,3.933809,103.7185,185.8492,358.4554,89.44453,1.654885
/Users/riki/workspace/udacity-robot/RoboND-Rover-Project/own_dataset/IMG/robocam_2017_05_27_00_00_10_909.jpg,0,0,1,3.847597,103.7211,186.0827,358.7508,89.68779,1.785105
/Users/riki/workspace/udacity-robot/RoboND-Rover-Project/own_dataset/IMG/robocam_2017_05_27_00_00_10_973.jpg,0,0,1,3.686103,103.7248,186.3038,358.9698,90.1857,1.651528
/Users/riki/workspace/udacity-robot/RoboND-Rover-Project/own_dataset/IMG/robocam_2017_05_27_00_00_11_023.jpg,0,0,1,3.459019,103.7279,186.4437,359.0296,90.84958,1.415618
/Users/riki/workspace/udacity-robot/RoboND-Rover-Project/own_dataset/IMG/robocam_2017_05_27_00_00_11_074.jpg,0,0,1,3.362131,103.7311,186.6437,359.015,92.08572,0.8467653
/Users/riki/workspace/udacity-robot/RoboND-Rover-Project/own_dataset/IMG/robocam_2017_05_27_00_00_11_125.jpg,0,0,1,3.19448,103.7285,186.7663,358.8318,92.33868,0.5120382
/Users/riki/workspace/udacity-robot/RoboND-Rover-Project/own_dataset/IMG/robocam_2017_05_27_00_00_11_167.jpg,0,0,1,2.959708,103.7261,186.8813,358.5841,92.27505,0.09077909
/Users/riki/workspace/udacity-robot/RoboND-Rover-Project/own_dataset/IMG/robocam_2017_05_27_00_00_11_224.jpg,0,0,1,2.83325,103.7215,187.047,358.3415,91.5773,359.515
/Users/riki/workspace/udacity-robot/RoboND-Rover-Project/own_dataset/IMG/robocam_2017_05_27_00_00_11_273.jpg,0,0,1,2.679446,103.7168,187.2042,358.182,90.89517,359.1277
/Users/riki/workspace/udacity-robot/RoboND-Rover-Project/own_dataset/IMG/robocam_2017_05_27_00_00_11_323.jpg,0,0,1,2.556306,103.7132,187.3053,358.1811,90.52795,359.0136
/Users/riki/workspace/udacity-robot/RoboND-Rover-Project/own_dataset/IMG/robocam_2017_05_27_00_00_11_373.jpg,0,0,1,2.413154,103.7091,187.4498,358.2328,90.02341,358.9597
/Users/riki/workspace/udacity-robot/RoboND-Rover-Project/own_dataset/IMG/robocam_2017_05_27_00_00_11_422.jpg,0,0,1,2.302606,103.7069,187.5416,358.3091,89.75302,359.02
/Users/riki/workspace/udacity-robot/RoboND-Rover-Project/own_dataset/IMG/robocam_2017_05_27_00_00_11_492.jpg,0,0,1,2.124191,103.7051,187.7137,358.5609,89.3601,359.2621
/Users/riki/workspace/udacity-robot/RoboND-Rover-Project/own_dataset/IMG/robocam_2017_05_27_00_00_11_559.jpg,0,0,0,1.987007,103.7049,187.8397,358.9949,89.08666,359.5881
/Users/riki/workspace/udacity-robot/RoboND-Rover-Project/own_dataset/IMG/robocam_2017_05_27_00_00_11_624.jpg,0,0,0.202041,1.905545,103.7065,187.9608,359.3948,89.25086,359.9432
/Users/riki/workspace/udacity-robot/RoboND-Rover-Project/own_dataset/IMG/robocam_2017_05_27_00_00_11_691.jpg,0,0,0.403128,1.761824,103.709,188.1006,359.4608,89.84765,0.3316401
/Users/riki/workspace/udacity-robot/RoboND-Rover-Project/own_dataset/IMG/robocam_2017_05_27_00_00_11_740.jpg,0,0,0.6016619,1.605057,103.7099,188.1613,359.3276,90.06738,0.4768945
/Users/riki/workspace/udacity-robot/RoboND-Rover-Project/own_dataset/IMG/robocam_2017_05_27_00_00_11_789.jpg,0,0,0,1.470953,103.7113,188.2452,359.0695,90.30948,0.5894969
/Users/riki/workspace/udacity-robot/RoboND-Rover-Project/own_dataset/IMG/robocam_2017_05_27_00_00_11_839.jpg,0,0,0,1.463824,103.7124,188.3026,359.0052,90.29935,0.5834347
/Users/riki/workspace/udacity-robot/RoboND-Rover-Project/own_dataset/IMG/robocam_2017_05_27_00_00_11_888.jpg,0,0,0,1.454438,103.7139,188.391,359.0735,90.20978,0.4666037
/Users/riki/workspace/udacity-robot/RoboND-Rover-Project/own_dataset/IMG/robocam_2017_05_27_00_00_11_939.jpg,0,0,0,1.44957,103.715,188.4517,359.2299,90.14053,0.3135362
/Users/riki/workspace/udacity-robot/RoboND-Rover-Project/own_dataset/IMG/robocam_2017_05_27_00_00_11_989.jpg,0,0,0,1.435308,103.7149,188.5418,359.4628,90.08481,0.1107845
/Users/riki/workspace/udacity-robot/RoboND-Rover-Project/own_dataset/IMG/robocam_2017_05_27_00_00_12_044.jpg,0,0,0,1.43206,103.7147,188.6015,359.6064,90.0802,359.9889
/Users/riki/workspace/udacity-robot/RoboND-Rover-Project/own_dataset/IMG/robocam_2017_05_27_00_00_12_089.jpg,0,0,0,1.427149,103.7143,188.6905,359.8015,90.07855,359.8207
/Users/riki/workspace/udacity-robot/RoboND-Rover-Project/own_dataset/IMG/robocam_2017_05_27_00_00_12_139.jpg,0,0,0.0965699,1.420542,103.7141,188.749,359.9075,90.07776,359.7189
/Users/riki/workspace/udacity-robot/RoboND-Rover-Project/own_dataset/IMG/robocam_2017_05_27_00_00_12_189.jpg,0,0,0.247908,1.387711,103.7137,188.8336,359.989,90.07547,359.5828
/Users/riki/workspace/udacity-robot/RoboND-Rover-Project/own_dataset/IMG/robocam_2017_05_27_00_00_12_239.jpg,0,0,0.3980159,1.34602,103.7135,188.8864,359.9605,90.0722,359.5034
/Users/riki/workspace/udacity-robot/RoboND-Rover-Project/own_dataset/IMG/robocam_2017_05_27_00_00_12_289.jpg,0,0,0.5465639,1.252331,103.7127,188.9584,359.7878,90.08557,359.4392
/Users/riki/workspace/udacity-robot/RoboND-Rover-Project/own_dataset/IMG/robocam_2017_05_27_00_00_12_339.jpg,0,0,0.6978419,1.171713,103.712,189.0004,359.5658,90.12579,359.4254
/Users/riki/workspace/udacity-robot/RoboND-Rover-Project/own_dataset/IMG/robocam_2017_05_27_00_00_12_389.jpg,0,0,0.8437409,1.019938,103.7111,189.0535,359.0825,90.052,359.4576
/Users/riki/workspace/udacity-robot/RoboND-Rover-Project/own_dataset/IMG/robocam_2017_05_27_00_00_12_439.jpg,0,0,0.993369,0.9379479,103.7102,189.0833,358.7323,89.94087,359.5574
/Users/riki/workspace/udacity-robot/RoboND-Rover-Project/own_dataset/IMG/robocam_2017_05_27_00_00_12_489.jpg,0,0,1,0.7045505,103.7078,189.1138,358.0935,90.02332,359.865
/Users/riki/workspace/udacity-robot/RoboND-Rover-Project/own_dataset/IMG/robocam_2017_05_27_00_00_12_538.jpg,0,0,1,0.5581412,103.7079,189.1266,357.657,90.21985,0.002747071
/Users/riki/workspace/udacity-robot/RoboND-Rover-Project/own_dataset/IMG/robocam_2017_05_27_00_00_12_587.jpg,0,0,1,0.2799484,103.707,189.1322,357.2076,90.41049,0.08521993
/Users/riki/workspace/udacity-robot/RoboND-Rover-Project/own_dataset/IMG/robocam_2017_05_27_00_00_12_641.jpg,0,0,1,0.2254548,103.707,189.1325,356.5795,90.42111,0.06150287
/Users/riki/workspace/udacity-robot/RoboND-Rover-Project/own_dataset/IMG/robocam_2017_05_27_00_00_12_688.jpg,0,0,1,0.1107001,103.7069,189.1326,356.2789,90.43549,359.9736
/Users/riki/workspace/udacity-robot/RoboND-Rover-Project/own_dataset/IMG/robocam_2017_05_27_00_00_12_737.jpg,0,0,0,0.03643449,103.7069,189.1327,356.2197,90.44009,359.9914
/Users/riki/workspace/udacity-robot/RoboND-Rover-Project/own_dataset/IMG/robocam_2017_05_27_00_00_12_788.jpg,0,0,0,-0.03810797,103.7068,189.1328,356.4195,90.44949,359.9926
/Users/riki/workspace/udacity-robot/RoboND-Rover-Project/own_dataset/IMG/robocam_2017_05_27_00_00_12_838.jpg,0,0,0,-0.09528825,103.7068,189.1329,356.708,90.45612,359.9909
/Users/riki/workspace/udacity-robot/RoboND-Rover-Project/own_dataset/IMG/robocam_2017_05_27_00_00_12_888.jpg,0,0,0,-0.1952655,103.7068,189.133,357.3835,90.4566,0.005635434
/Users/riki/workspace/udacity-robot/RoboND-Rover-Project/own_dataset/IMG/robocam_2017_05_27_00_00_12_938.jpg,0,0,0,-0.2508326,103.7067,189.133,357.9928,90.45984,359.9789
/Users/riki/workspace/udacity-robot/RoboND-Rover-Project/own_dataset/IMG/robocam_2017_05_27_00_00_12_988.jpg,0,0,0,-0.3330796,103.7067,189.1328,359.0958,90.46231,0.02930432
/Users/riki/workspace/udacity-robot/RoboND-Rover-Project/own_dataset/IMG/robocam_2017_05_27_00_00_13_038.jpg,0,0,0,-0.3263513,103.7068,189.1326,359.8183,90.45724,0.06791399
/Users/riki/workspace/udacity-robot/RoboND-Rover-Project/own_dataset/IMG/robocam_2017_05_27_00_00_13_089.jpg,0,0,0,-0.3030357,103.7068,189.1322,0.8001732,90.45557,0.08249792
/Users/riki/workspace/udacity-robot/RoboND-Rover-Project/own_dataset/IMG/robocam_2017_05_27_00_00_13_139.jpg,0,0,0,-0.2557633,103.7068,189.1319,1.351493,90.45999,0.03488816
/Users/riki/workspace/udacity-robot/RoboND-Rover-Project/own_dataset/IMG/robocam_2017_05_27_00_00_13_188.jpg,0,0,0,-0.1770959,103.7061,189.1317,1.939432,90.46228,359.9825
/Users/riki/workspace/udacity-robot/RoboND-Rover-Project/own_dataset/IMG/robocam_2017_05_27_00_00_13_239.jpg,0,0,0,-0.1163467,103.7054,189.1316,2.159643,90.45676,0.0001393766
/Users/riki/workspace/udacity-robot/RoboND-Rover-Project/own_dataset/IMG/robocam_2017_05_27_00_00_13_289.jpg,0,0,0,-0.02489472,103.7053,189.1314,2.24503,90.45837,359.9796
/Users/riki/workspace/udacity-robot/RoboND-Rover-Project/own_dataset/IMG/robocam_2017_05_27_00_00_13_340.jpg,0,0,0,0.03755935,103.7048,189.1313,2.118342,90.4552,0.01021172
/Users/riki/workspace/udacity-robot/RoboND-Rover-Project/own_dataset/IMG/robocam_2017_05_27_00_00_13_389.jpg,0,0,0,0.1142404,103.7056,189.1312,1.645509,90.45334,359.9918
/Users/riki/workspace/udacity-robot/RoboND-Rover-Project/own_dataset/IMG/robocam_2017_05_27_00_00_13_439.jpg,0,0,0,0.1885297,103.7056,189.1312,1.18129,90.45145,0.02570944
